name,binomial_vol,strike,type
SPY190215C00265000,0.1592,265.0000,C
SPY190215P00265000,0.1572,265.0000,P
SPY190215C00266000,0.1556,266.0000,C
SPY190215P00266000,0.1513,266.0000,P
SPY190215C00267000,0.1472,267.0000,C
SPY190215P00267000,0.1468,267.0000,P
SPY190215C00268000,0.1387,268.0000,C
SPY190215P00268000,0.1402,268.0000,P
SPY190215C00269000,0.1361,269.0000,C
SPY190215P00269000,0.1350,269.0000,P
SPY190215C00270000,0.1333,270.0000,C
SPY190215P00270000,0.1309,270.0000,P
SPY190215C00271000,0.1285,271.0000,C
SPY190215P00271000,0.1254,271.0000,P
SPY190215C00272000,0.1247,272.0000,C
SPY190215P00272000,0.1211,272.0000,P
SPY190215C00273000,0.1212,273.0000,C
SPY190215P00273000,0.1184,273.0000,P
SPY190215C00274000,0.1179,274.0000,C
SPY190215P00274000,0.1150,274.0000,P
SPY190215C00275000,0.1154,275.0000,C
SPY190215P00275000,0.1117,275.0000,P
SPY190315C00265000,0.1520,265.0000,C
SPY190315P00265000,0.1625,265.0000,P
SPY190315C00266000,0.1459,266.0000,C
SPY190315P00266000,0.1609,266.0000,P
SPY190315C00267000,0.1445,267.0000,C
SPY190315P00267000,0.1579,267.0000,P
SPY190315C00268000,0.1459,268.0000,C
SPY190315P00268000,0.1547,268.0000,P
SPY190315C00269000,0.1390,269.0000,C
SPY190315P00269000,0.1525,269.0000,P
SPY190315C00270000,0.1381,270.0000,C
SPY190315P00270000,0.1513,270.0000,P
SPY190315C00271000,0.1353,271.0000,C
SPY190315P00271000,0.1486,271.0000,P
SPY190315C00272000,0.1317,272.0000,C
SPY190315P00272000,0.1463,272.0000,P
SPY190315C00273000,0.1302,273.0000,C
SPY190315P00273000,0.1451,273.0000,P
SPY190315C00274000,0.1270,274.0000,C
SPY190315P00274000,0.1442,274.0000,P
SPY190315C00275000,0.1249,275.0000,C
SPY190315P00275000,0.1421,275.0000,P
SPY190418C00265000,0.1395,265.0000,C
SPY190418P00265000,0.1650,265.0000,P
SPY190418C00266000,0.1373,266.0000,C
SPY190418P00266000,0.1621,266.0000,P
SPY190418C00267000,0.1360,267.0000,C
SPY190418P00267000,0.1599,267.0000,P
SPY190418C00268000,0.1345,268.0000,C
SPY190418P00268000,0.1581,268.0000,P
SPY190418C00269000,0.1333,269.0000,C
SPY190418P00269000,0.1562,269.0000,P
SPY190418C00270000,0.1317,270.0000,C
SPY190418P00270000,0.1549,270.0000,P
SPY190418C00271000,0.1292,271.0000,C
SPY190418P00271000,0.1525,271.0000,P
SPY190418C00272000,0.1271,272.0000,C
SPY190418P00272000,0.1496,272.0000,P
SPY190418C00273000,0.1255,273.0000,C
SPY190418P00273000,0.1486,273.0000,P
SPY190418C00274000,0.1244,274.0000,C
SPY190418P00274000,0.1476,274.0000,P
SPY190418C00275000,0.1228,275.0000,C
SPY190418P00275000,0.1453,275.0000,P
