,Unnamed: 0,Unnamed: 0.1,Date,T,K,Price,implied_vol,local_vol,local_vol_cprice
0,0,0,39892,0.07123287671232878,850,0.45,0.1929788589477539,0.1196281524062298,0.0
2,2,2,39892,0.07123287671232878,900,0.15,0.2433900833129883,0.08016194538287913,0.0
6,12,12,39892,0.07123287671232878,475,295.75,0.7907209396362305,0.00760464733029311,244.94999999999993
9,15,15,39892,0.07123287671232878,525,246.55,0.7413740158081055,0.01782368635962923,194.94999999999993
11,17,17,39892,0.07123287671232878,540,231.85,0.7192525863647461,0.027547798350922564,179.94999999999993
13,19,20,39892,0.07123287671232878,560,212.45,0.6963357925415039,0.06566273676906792,159.94999999999993
15,21,22,39892,0.07123287671232878,580,193.15,0.6688413619995117,0.05585476298829039,139.94999999999993
16,22,23,39892,0.07123287671232878,590,183.65,0.6585702896118164,0.1325858053026023,129.94999999999993
17,23,24,39892,0.07123287671232878,600,174.14999999999995,0.6453409194946289,0.07580419048913373,119.94999999999993
18,24,25,39892,0.07123287671232878,605,169.45,0.6396760940551758,0.07339178430203437,114.94999999999993
19,25,26,39892,0.07123287671232878,610,164.75,0.6332731246948242,0.10039677886640404,109.94999999999993
20,26,27,39892,0.07123287671232878,615,160.05,0.6262063980102539,0.08675711673412156,104.94999999999993
22,28,29,39892,0.07123287671232878,625,150.75,0.6133661270141602,0.013167192114943922,94.94999999999993
23,29,30,39892,0.07123287671232878,630,146.0,0.602992057800293,0.07528988212441101,89.94999999999993
24,30,31,39892,0.07123287671232878,635,141.4,0.596491813659668,0.036090320904542963,84.94999999999993
27,33,34,39892,0.07123287671232878,650,127.9,0.5803556442260742,0.06581172439585788,69.94999999999993
28,34,35,39892,0.07123287671232878,655,123.4,0.5733861923217773,0.07916001233284395,64.94999999999993
30,36,37,39892,0.07123287671232878,665,114.6,0.5616617202758789,0.02591037956275404,54.94999999999993
31,37,38,39892,0.07123287671232878,670,110.3,0.5566434860229492,0.1310905891422072,49.94999999999993
32,38,39,39892,0.07123287671232878,675,106.0,0.5507268905639648,0.0609338117522067,44.94999999999993
33,39,40,39892,0.07123287671232878,680,101.8,0.5458574295043945,0.15117064061844185,39.94999999999993
34,40,41,39892,0.07123287671232878,685,97.6,0.5400609970092773,0.15071365988083732,34.94999999999993
35,41,42,39892,0.07123287671232878,690,93.4,0.5333890914916992,0.0461173111921501,29.949999999999932
37,43,44,39892,0.07123287671232878,700,85.3,0.5224828720092773,0.06716103587269627,19.949999999999932
39,45,46,39892,0.07123287671232878,710,77.5,0.512486457824707,0.16498025374309605,9.949999999999932
43,49,50,39892,0.07123287671232878,730,62.3,0.48648548126220703,0.09361759465792993,3.2325429168196766e-215
47,53,54,39892,0.07123287671232878,750,48.55,0.4634313583374024,0.8216149417983407,0.0
48,54,55,39892,0.07123287671232878,755,45.45,0.4591054916381836,0.1673470476233328,0.0
49,55,56,39892,0.07123287671232878,760,42.3,0.4529314041137695,0.038159968538226965,0.0
51,57,58,39892,0.07123287671232878,770,36.6,0.44425106048583984,0.021482727983467242,0.0
52,58,59,39892,0.07123287671232878,775,33.9,0.43979930877685547,0.13692947465684938,0.0
54,60,61,39892,0.07123287671232878,785,28.8,0.4305696487426758,0.15812073202354107,0.0
58,64,65,39892,0.07123287671232878,805,20.200000000000006,0.4152402877807617,0.12354304896224805,0.0
61,67,68,39892,0.07123287671232878,820,14.75,0.4012155532836914,0.1227276112738548,0.0
62,68,69,39892,0.07123287671232878,825,13.1,0.3956365585327149,0.06422676239235765,0.0
65,71,72,39892,0.07123287671232878,840,9.45,0.3888673782348633,0.022392090689321187,0.0
67,73,74,39892,0.07123287671232878,850,7.1,0.3774404525756836,0.10763175636910943,0.0
70,76,77,39892,0.07123287671232878,865,4.65,0.36710071563720703,0.10239543706878623,0.0
71,77,78,39892,0.07123287671232878,870,4.15,0.3675642013549805,0.04942277385963338,0.0
72,78,79,39892,0.07123287671232878,875,3.55,0.3640565872192383,0.07710747418704468,0.0
74,80,81,39892,0.07123287671232878,885,2.55,0.3570699691772461,0.09762343869165342,0.0
75,81,82,39892,0.07123287671232878,890,2.35,0.3610811233520508,0.1541215312967051,0.0
76,82,83,39892,0.07123287671232878,895,2.025,0.35968494415283203,0.04932974794892586,0.0
78,84,85,39892,0.07123287671232878,905,1.45,0.3551301956176758,0.11422656447102995,0.0
80,86,87,39892,0.07123287671232878,915,1.0,0.3495626449584961,0.06171514042493751,0.0
82,88,89,39892,0.07123287671232878,925,0.8,0.3538198471069336,0.12192828417703565,0.0
84,90,91,39892,0.07123287671232878,935,0.775,0.36893177032470703,0.05614541054310748,0.0
87,93,94,39892,0.07123287671232878,950,0.375,0.3540029525756836,0.05433012951259576,0.0
88,94,95,39892,0.07123287671232878,955,0.775,0.4019021987915039,0.12346034081424916,0.0
92,98,99,39892,0.07123287671232878,975,0.2,0.3613672256469727,0.016428242692610243,0.0
93,99,100,39892,0.07123287671232878,980,0.7000000000000001,0.4347810745239258,0.07009849784041748,0.0
94,100,101,39892,0.07123287671232878,985,0.175,0.3691492080688477,0.05344501428040227,0.0
95,101,102,39892,0.07123287671232878,990,0.675,0.4476041793823242,0.06824804253378172,0.0
97,103,104,39892,0.07123287671232878,1000,0.125,0.37469959259033203,0.0699926225897174,0.0
98,104,105,39892,0.07123287671232878,1005,0.65,0.4673566818237305,0.09437551835579118,0.0
104,110,111,39892,0.07123287671232878,1035,0.075,0.3968667984008789,0.06722429974658183,0.0
105,111,112,39892,0.07123287671232878,1040,0.075,0.40262317657470703,0.16674158879670206,0.0
106,112,113,39892,0.07123287671232878,1045,0.1,0.42006969451904297,0.11688585421389608,0.0
112,118,119,39892,0.07123287671232878,1090,0.05,0.4415216445922852,0.09904987886390887,0.0
118,124,125,39892,0.07123287671232878,1185,0.05,0.5357122421264648,0.16566897836190694,0.0
120,126,127,39892,0.07123287671232878,1195,0.05,0.5450735092163086,0.056958454441778016,0.0
122,128,129,39892,0.07123287671232878,1215,0.05,0.5635042190551758,0.13857219161499654,0.0
123,129,130,39892,0.07123287671232878,1225,0.05,0.5725793838500977,0.12090940059488813,0.0
128,134,135,39892,0.07123287671232878,1350,0.025,0.6430120468139648,0.08093203699984831,0.0
129,135,136,39892,0.07123287671232878,1375,0.025,0.6620035171508789,0.08803121603658272,0.0
134,140,141,39892,0.07123287671232878,1475,0.025,0.7341127395629883,0.09372170723013044,0.0
136,142,143,39892,0.07123287671232878,1525,0.05,0.8096036911010742,0.005761852804321801,0.0
140,146,147,39892,0.07123287671232878,1650,0.05,0.892613410949707,0.0694373359440735,0.0
143,149,150,39892,0.07123287671232878,1800,0.05,0.9831304550170898,0.14647456597515324,0.0
144,150,151,39892,0.07123287671232878,1850,0.05,1.0113973617553709,0.13271585582604234,0.0
146,152,153,39892,0.07123287671232878,1900,0.05,1.0388059616088867,0.018640575317487473,0.0
147,153,154,39892,0.07123287671232878,2000,0.05,1.0912542343139648,0.08698410265861849,0.0
151,158,159,39892,0.07123287671232878,500,271.6,0.8293962478637695,0.0018094077485456285,219.94999999999993
152,159,160,39892,0.07123287671232878,525,247.3,0.8041219711303711,0.010403659903004356,194.94999999999993
154,161,162,39892,0.07123287671232878,575,199.5,0.7473936080932617,0.15050656004906907,144.94999999999993
157,164,165,39892,0.07123287671232878,650,131.15,0.654170036315918,0.19278792251184965,69.94999999999993
158,165,166,39892,0.07123287671232878,700,89.75,0.5927839279174805,0.0367782720232806,19.949999999999932
159,166,167,39892,0.07123287671232878,750,54.3,0.5361356735229492,0.16811789794597673,0.0
160,167,168,39892,0.07123287671232878,780,37.0,0.5048131942749023,0.07903770593997615,0.0
161,168,169,39892,0.07123287671232878,800,27.45,0.4854269027709961,0.4054063503531531,0.0
163,170,171,39892,0.07123287671232878,875,6.3000000000000025,0.4291677474975586,0.07164786654748646,0.0
164,171,172,39892,0.07123287671232878,900,3.3,0.41348934173583984,0.1316949054123572,0.0
166,173,174,39892,0.07123287671232878,950,0.975,0.4086885452270508,0.02335768157440204,0.0
167,174,175,39892,0.07123287671232878,975,0.5,0.4066858291625977,0.0626943559734127,0.0
169,176,177,39892,0.07123287671232878,1025,0.5,0.4785375595092773,0.14305337453774494,0.0
171,178,179,39892,0.07123287671232878,1075,0.5,0.5453882217407227,0.10926713434792834,0.0
173,180,181,39892,0.07123287671232878,1150,0.15,0.5568037033081055,0.09135897111225152,0.0
174,181,182,39892,0.07123287671232878,1200,0.125,0.5975732803344727,0.06095690695694912,0.0
176,183,184,39892,0.07123287671232878,1300,0.05,0.6378965377807617,0.00811111415689926,0.0
177,184,185,39892,0.07123287671232878,1350,0.05,0.6789579391479492,0.06094409777085085,0.0
180,187,188,39892,0.07123287671232878,1500,0.05,0.7920541763305664,0.04425828103556021,0.0
182,196,197,39920,0.14794520547945206,480,291.05,0.5462408065795898,0.022770567840869563,239.94999999999993
186,200,201,39920,0.14794520547945206,515,257.35,0.571263313293457,0.03566376924025666,204.94999999999993
189,203,204,39920,0.14794520547945206,530,242.95,0.5648889541625977,0.1547965733309208,189.94999999999993
190,204,205,39920,0.14794520547945206,540,233.45,0.5613813400268555,0.00696230105732782,179.94999999999993
191,205,206,39920,0.14794520547945206,550,224.05,0.5585947036743164,0.09851024574657632,169.94999999999993
193,207,208,39920,0.14794520547945206,570,205.45,0.5505380630493164,0.07707514996905596,149.94999999999993
195,209,210,39920,0.14794520547945206,580,196.3,0.5465154647827148,0.027043915429687745,139.94999999999993
197,211,212,39920,0.14794520547945206,590,187.2,0.5410909652709961,0.03096095728492755,129.94999999999993
198,212,213,39920,0.14794520547945206,600,178.15,0.5344476699829102,0.04229279411285152,119.94999999999993
201,215,216,39920,0.14794520547945206,615,164.85,0.5256757736206055,0.045186990178100066,104.94999999999993
204,218,219,39920,0.14794520547945206,630,151.75,0.5153989791870117,0.13927674250225391,89.94999999999993
207,221,222,39920,0.14794520547945206,645,138.95,0.504979133605957,0.08374425917955755,74.94999999999993
208,222,223,39920,0.14794520547945206,650,134.75,0.5013914108276367,0.004693887727827317,69.94999999999993
209,223,224,39920,0.14794520547945206,655,130.55,0.49728870391845703,0.06448134350517422,64.94999999999993
212,226,227,39920,0.14794520547945206,670,118.35,0.4869604110717773,0.0708204811987254,49.94999999999993
213,227,228,39920,0.14794520547945206,675,114.35,0.4832468032836914,0.06456796987132722,44.94999999999993
214,228,229,39920,0.14794520547945206,680,110.35,0.4790010452270508,0.07032156395472433,39.94999999999993
218,232,233,39920,0.14794520547945206,700,95.05,0.46438121795654297,0.05358184199274182,19.949999999999932
220,234,235,39920,0.14794520547945206,710,87.75,0.4573373794555664,0.04149099625143388,9.949999999999932
222,236,237,39920,0.14794520547945206,720,80.65,0.4499502182006836,0.022464397623669877,0.007674357960637299
223,237,238,39920,0.14794520547945206,725,77.15,0.4458703994750977,0.05576851539410938,2.468454282146143e-89
224,238,239,39920,0.14794520547945206,730,73.65,0.44121837615966797,0.02357974730393149,1.5724041219614027e-243
226,240,241,39920,0.14794520547945206,740,67.05,0.4337968826293945,0.05536939554940927,0.0
227,241,242,39920,0.14794520547945206,745,63.85,0.4300661087036133,0.07226730479352486,0.0
228,242,243,39920,0.14794520547945206,750,60.65,0.4257230758666992,0.16654047877784228,0.0
230,244,245,39920,0.14794520547945206,760,54.65,0.4186277389526367,0.07064722349789487,0.0
232,246,247,39920,0.14794520547945206,770,49.05,0.4123506546020508,0.030705956337688856,0.0
237,251,252,39920,0.14794520547945206,795,36.55,0.3975706100463867,0.09255754401588018,0.0
238,252,253,39920,0.14794520547945206,800,34.3,0.3946523666381836,0.029689813430993018,0.0
239,253,254,39920,0.14794520547945206,805,32.1,0.39145374298095703,0.13738974264980888,0.0
243,257,258,39920,0.14794520547945206,825,23.65,0.3741846084594727,0.07183483820593221,0.0
245,259,260,39920,0.14794520547945206,835,20.5,0.37072277069091797,0.062313130617219964,0.0
246,260,261,39920,0.14794520547945206,840,18.85,0.3671407699584961,0.04681288586573255,0.0
247,261,262,39920,0.14794520547945206,845,17.35,0.3642110824584961,0.0455915588932888,0.0
248,262,263,39920,0.14794520547945206,850,16.3,0.3650979995727539,0.08423304439506084,0.0
253,267,268,39920,0.14794520547945206,875,10.35,0.3511991500854492,0.04960892334373487,0.0
254,268,269,39920,0.14794520547945206,880,9.4,0.348750114440918,0.03364311560968464,0.0
255,269,270,39920,0.14794520547945206,885,8.4,0.34475040435791016,0.08752017999728898,0.0
256,270,271,39920,0.14794520547945206,890,7.6,0.3425588607788086,0.0639502497197765,0.0
261,275,276,39920,0.14794520547945206,915,4.35,0.3302106857299805,0.02940139316664217,0.0
263,277,278,39920,0.14794520547945206,925,3.75,0.33292293548583984,0.06604986534982278,0.0
267,281,282,39920,0.14794520547945206,945,2.2,0.3219480514526367,0.017477119403804038,0.0
269,283,284,39920,0.14794520547945206,960,1.425,0.3143606185913086,0.033335419226235466,0.0
272,286,287,39920,0.14794520547945206,980,0.75,0.30431270599365234,0.0687461655716408,0.0
274,288,289,39920,0.14794520547945206,1000,0.75,0.32544422149658203,0.11613657782337912,0.0
275,289,290,39920,0.14794520547945206,1010,0.6,0.32511234283447266,0.11201876079280043,0.0
278,292,293,39920,0.14794520547945206,1030,0.6,0.34482479095458984,0.12569972664934953,0.0
280,294,295,39920,0.14794520547945206,1050,0.225,0.3218965530395508,0.02201714648000792,0.0
282,296,297,39920,0.14794520547945206,1075,0.65,0.3914365768432617,0.038134692804887314,0.0
287,301,302,39920,0.14794520547945206,1175,0.6,0.4730043411254883,0.06874093269932308,0.0
291,305,306,39920,0.14794520547945206,1275,0.575,0.5466470718383789,0.06161286767789585,0.0
296,315,316,39948,0.22465753424657534,525,249.45,0.5098142623901367,0.06656391963498476,194.94999999999993
298,317,318,39948,0.22465753424657534,550,226.55,0.5084638595581055,0.031898439100058865,169.94999999999993
299,318,319,39948,0.22465753424657534,560,217.55,0.5068845748901367,0.07054787724536597,159.94999999999993
302,321,322,39948,0.22465753424657534,625,161.25,0.4820623397827149,0.05504380741174638,94.94999999999993
303,322,323,39948,0.22465753424657534,650,140.85,0.4686613082885742,0.13192232303672674,69.94999999999993
304,323,324,39948,0.22465753424657534,675,121.35,0.4543046951293945,0.023064304265980214,44.94999999999993
305,324,325,39948,0.22465753424657534,700,103.05,0.44058895111083984,0.043613449228451166,19.949999999999932
308,327,328,39948,0.22465753424657534,775,55.95,0.3967695236206055,0.06739292247916459,0.0
310,329,330,39948,0.22465753424657534,825,33.1,0.3716096878051758,0.08657175741056364,0.0
311,330,331,39948,0.22465753424657534,850,24.05,0.35753917694091797,0.005644352839037852,0.0
312,331,332,39948,0.22465753424657534,875,17.0,0.3459291458129883,0.08747645737415861,0.0
316,335,336,39948,0.22465753424657534,975,3.0,0.3104524612426758,0.0267539034937513,0.0
317,336,337,39948,0.22465753424657534,1000,1.6,0.2981042861938477,0.049013780557348015,0.0
318,337,338,39948,0.22465753424657534,1025,0.75,0.2843828201293945,0.05094719381136965,0.0
322,341,342,39948,0.22465753424657534,1100,0.6,0.33203601837158203,0.049269002271442736,0.0
323,342,343,39948,0.22465753424657534,1125,0.6,0.3496999740600586,0.1894800987911329,0.0
324,343,344,39948,0.22465753424657534,1150,0.6,0.36682605743408203,0.038336235519724884,0.0
326,345,346,39948,0.22465753424657534,1200,0.6,0.3996133804321289,0.07624127523931211,0.0
330,349,350,39948,0.22465753424657534,1300,0.575,0.4577093124389648,0.10027696979172293,0.0
332,357,358,39983,0.3205479452054795,475,297.55,0.4418249130249024,0.03793086842931255,244.94999999999993
333,358,359,39983,0.3205479452054795,500,274.65,0.4700860977172852,0.012262957482011118,219.94999999999993
334,359,360,39983,0.3205479452054795,510,265.55,0.47385120391845703,0.0453022234664387,209.94999999999993
339,364,365,39983,0.3205479452054795,575,208.45,0.4730901718139648,0.0391011489373725,144.94999999999993
340,365,366,39983,0.3205479452054795,585,199.95,0.46996593475341797,0.08382680585353867,134.94999999999993
342,367,368,39983,0.3205479452054795,615,175.15,0.45956897735595703,0.02722001691913177,104.94999999999993
343,368,369,39983,0.3205479452054795,625,167.15,0.4559698104858398,0.052087550231926835,94.94999999999993
346,371,372,39983,0.3205479452054795,675,129.05,0.4345808029174805,0.006273821410352921,44.94999999999993
347,372,373,39983,0.3205479452054795,685,121.75,0.4290933609008789,0.03494391978084836,34.94999999999993
348,373,374,39983,0.3205479452054795,700,111.35,0.4224042892456055,0.0478732295102598,19.949999999999932
349,374,375,39983,0.3205479452054795,715,101.25,0.41495418548583984,0.2858429976620919,4.949999999999932
351,376,377,39983,0.3205479452054795,735,88.45,0.4049749374389648,0.05366670162703417,1.6070833916222602e-288
355,380,381,39983,0.3205479452054795,800,53.0,0.37433338165283203,0.014378360541326202,0.0
356,381,382,39983,0.3205479452054795,815,46.15000000000001,0.3670949935913086,0.033594048619243116,0.0
357,382,383,39983,0.3205479452054795,825,41.95,0.36269474029541016,0.044190704236563336,0.0
358,383,384,39983,0.3205479452054795,835,37.9,0.3577852249145508,0.03417264693251497,0.0
360,385,386,39983,0.3205479452054795,875,24.5,0.3410024642944336,0.05335929956890708,0.0
363,388,389,39983,0.3205479452054795,925,12.5,0.3183717727661133,0.04656442275443256,0.0
364,389,390,39983,0.3205479452054795,950,9.1,0.31454944610595703,0.07960101443040722,0.0
366,391,392,39983,0.3205479452054795,1000,3.85,0.2958555221557617,0.033108093723050784,0.0
367,392,393,39983,0.3205479452054795,1025,2.6,0.2927255630493164,0.033587331157004734,0.0
370,395,396,39983,0.3205479452054795,1100,0.95,0.2958841323852539,0.04820664326163433,0.0
373,398,399,39983,0.3205479452054795,1175,0.65,0.3239336013793945,0.05049746161371221,0.0
374,399,400,39983,0.3205479452054795,1180,0.625,0.3250436782836914,0.0465591018722357,0.0
375,400,401,39983,0.3205479452054795,1185,0.625,0.3277730941772461,0.15117966082825754,0.0
376,401,402,39983,0.3205479452054795,1190,0.625,0.3304910659790039,0.014333275575825557,0.0
377,402,403,39983,0.3205479452054795,1195,0.625,0.3331918716430664,0.025281493236336376,0.0
378,403,404,39983,0.3205479452054795,1200,0.55,0.3305082321166992,0.014604906319466609,0.0
379,404,405,39983,0.3205479452054795,1225,0.65,0.3508329391479492,0.049835501896722124,0.0
380,405,406,39983,0.3205479452054795,1250,0.4,0.3430452346801758,0.095828475738908,0.0
382,407,408,39983,0.3205479452054795,1300,0.325,0.3584203720092773,0.022705443967204732,0.0
389,414,415,39983,0.3205479452054795,1475,0.6,0.4624128341674805,0.02872744882694327,0.0
392,417,418,39983,0.3205479452054795,1550,0.6,0.4922475814819336,0.02011075316026004,0.0
393,418,419,39983,0.3205479452054795,1575,0.6,0.5018033981323242,0.019932012634309302,0.0
396,421,422,39983,0.3205479452054795,1700,0.575,0.5443925857543945,0.03161737981588516,0.0
397,422,423,39983,0.3205479452054795,1800,0.575,0.5776262283325195,0.02429428596607749,0.0
398,423,424,39983,0.3205479452054795,1900,0.575,0.6087255477905273,0.0605648262513656,0.0
399,424,425,39983,0.3205479452054795,490,283.75,0.4618806838989258,0.02687901775949421,229.94999999999993
401,426,427,39983,0.3205479452054795,650,149.5,0.4602327346801758,0.047037642301321764,69.94999999999993
403,428,429,39983,0.3205479452054795,750,81.95,0.4126882553100586,0.0548169499373847,0.0
404,429,430,39983,0.3205479452054795,800,55.3,0.3875799179077149,0.04242834149082243,0.0
408,433,434,39983,0.3205479452054795,1000,4.949999999999998,0.3131246566772461,0.02479026066170548,0.0
411,436,437,39983,0.3205479452054795,1125,0.6,0.2923421859741211,0.013878513671470624,0.0
412,437,438,39983,0.3205479452054795,1150,0.6,0.3066816329956055,0.04354660596297453,0.0
413,438,439,39983,0.3205479452054795,1175,0.6,0.32060909271240234,0.01816145498844264,0.0
415,440,441,39983,0.3205479452054795,1225,0.6,0.3473024368286133,0.03211002792657521,0.0
417,442,443,39983,0.3205479452054795,1275,0.15,0.3200826644897461,0.025252718611248712,0.0
419,444,445,39983,0.3205479452054795,1325,0.15,0.3415231704711914,0.04958545066675815,0.0
421,446,447,39983,0.3205479452054795,1375,0.15,0.3619909286499024,0.09542630269611517,0.0
423,448,449,39983,0.3205479452054795,1425,0.15,0.38157176971435547,0.10617295121754676,0.0
424,449,450,39983,0.3205479452054795,1450,0.15,0.3910531997680664,0.10568774780909368,0.0
425,450,451,39983,0.3205479452054795,1475,0.15,0.4003400802612305,0.10055581241757544,0.0
426,451,452,39983,0.3205479452054795,1500,0.125,0.4026632308959961,0.14685028502103387,0.0
428,453,454,39983,0.3205479452054795,1600,0.125,0.4368925094604492,0.0458541884050875,0.0
431,460,461,40074,0.5698630136986301,500,280.15,0.4291105270385742,0.029963278357816838,219.94999999999993
433,465,466,40074,0.5698630136986301,600,198.75,0.42496204376220703,0.019817688821268324,119.94999999999993
435,467,468,40074,0.5698630136986301,675,144.25,0.4021196365356445,0.024165845851958863,44.94999999999993
437,469,470,40074,0.5698630136986301,725,112.15,0.38492488861083984,0.020446046397092837,8.113136052918201e-82
438,470,471,40074,0.5698630136986301,750,97.55,0.3761014938354492,0.04781584237499858,0.0
439,471,472,40074,0.5698630136986301,775,83.8,0.3664140701293945,0.04433980552940928,0.0
440,472,473,40074,0.5698630136986301,780,81.15,0.36435413360595703,0.053983815908101786,0.0
441,473,474,40074,0.5698630136986301,800,71.3,0.3574705123901367,0.04337355860731454,0.0
444,476,477,40074,0.5698630136986301,830,57.7,0.3464670181274414,0.04578800642655746,0.0
449,481,482,40074,0.5698630136986301,900,32.8,0.3233842849731445,0.06879105144116429,0.0
451,483,484,40074,0.5698630136986301,950,20.45,0.30870723724365234,0.02233895773219236,0.0
452,484,485,40074,0.5698630136986301,975,15.75,0.3017549514770508,0.054094297579122375,0.0
454,486,487,40074,0.5698630136986301,1025,9.1,0.2908143997192383,0.027834551395203067,0.0
455,487,488,40074,0.5698630136986301,1050,6.6,0.2840795516967773,0.03682116877554845,0.0
460,492,493,40074,0.5698630136986301,1175,0.925,0.2539243698120117,0.024459982651782147,0.0
461,493,494,40074,0.5698630136986301,1200,1.0,0.2673883438110352,0.10347114474604073,0.0
462,494,495,40074,0.5698630136986301,1225,0.625,0.2610311508178711,0.035167442157369166,0.0
463,495,496,40074,0.5698630136986301,1250,0.625,0.2706842422485352,0.021430655901569232,0.0
465,497,498,40074,0.5698630136986301,1300,0.625,0.28925228118896484,0.023600004876845774,0.0
467,499,500,40074,0.5698630136986301,1350,0.6,0.3054170608520508,0.10646146674874196,0.0
468,500,501,40074,0.5698630136986301,1375,0.6,0.3139142990112305,0.03665128024957258,0.0
471,503,504,40074,0.5698630136986301,1450,0.575,0.3366079330444336,0.025435045095987003,0.0
472,504,505,40074,0.5698630136986301,1475,0.575,0.3443613052368164,0.027801343481560263,0.0
474,506,507,40074,0.5698630136986301,1525,0.575,0.35938167572021484,0.03370880036517912,0.0
477,509,510,40074,0.5698630136986301,1600,0.575,0.3808164596557617,0.09465279192079562,0.0
481,513,514,40074,0.5698630136986301,550,239.55,0.4437875747680664,0.05178349876446677,169.94999999999993
483,515,516,40074,0.5698630136986301,650,163.65,0.4214773178100586,0.007315273516218888,69.94999999999993
484,516,517,40074,0.5698630136986301,700,130.2,0.4055471420288086,0.019277475065980203,19.949999999999932
486,518,519,40074,0.5698630136986301,800,74.3,0.3704080581665039,0.01777986824342885,0.0
489,521,522,40074,0.5698630136986301,950,22.5,0.3204145431518555,0.03926359050708742,0.0
491,523,524,40074,0.5698630136986301,1025,10.25,0.3004560470581055,0.011160646445946295,0.0
492,524,525,40074,0.5698630136986301,1050,7.5500000000000025,0.2935667037963867,0.06877574227933933,0.0
493,525,526,40074,0.5698630136986301,1075,5.4499999999999975,0.28696346282958984,0.028137373556977013,0.0
496,528,529,40074,0.5698630136986301,1150,1.925,0.2716970443725586,0.14118060891343198,0.0
497,529,530,40074,0.5698630136986301,1175,1.25,0.2651395797729492,0.018590849074230347,0.0
499,531,532,40074,0.5698630136986301,1225,0.75,0.2672224044799805,0.10202276221507567,0.0
500,532,533,40074,0.5698630136986301,1250,0.75,0.2770414352416992,0.10719380186983928,0.0
501,533,534,40074,0.5698630136986301,1275,0.775,0.28781604766845703,0.12313968450963016,0.0
504,536,537,40074,0.5698630136986301,1400,0.75,0.3310346603393555,0.0474525265637544,0.0
506,538,539,40074,0.5698630136986301,1500,0.75,0.3631067276000977,0.026973688880689985,0.0
507,539,540,40074,0.5698630136986301,1550,0.75,0.3781671524047852,0.020969259721464115,0.0
510,545,546,40165,0.8191780821917808,450,327.05,0.37461376190185547,0.04510118227633491,269.94999999999993
512,547,548,40165,0.8191780821917808,550,245.15,0.4041852951049805,0.028642010198613607,169.94999999999993
514,549,550,40165,0.8191780821917808,650,172.75,0.3898859024047852,0.00919946041777484,69.94999999999993
515,550,551,40165,0.8191780821917808,675,156.25,0.3836889266967773,0.012337912484702123,44.94999999999993
518,553,554,40165,0.8191780821917808,750,111.45,0.3631410598754883,0.02101060365031641,0.0
520,555,556,40165,0.8191780821917808,800,85.65,0.3479204177856445,0.025955401841374237,0.0
522,557,558,40165,0.8191780821917808,850,63.9,0.3339529037475586,0.024159309590406654,0.0
526,561,562,40165,0.8191780821917808,950,31.65,0.30698490142822266,0.008589127405924787,0.0
528,563,564,40165,0.8191780821917808,1000,21.1,0.2957925796508789,0.01684043541130158,0.0
529,564,565,40165,0.8191780821917808,1025,16.75,0.2893495559692383,0.029170540307733413,0.0
530,565,566,40165,0.8191780821917808,1050,13.2,0.2836732864379883,0.027711271384012588,0.0
531,566,567,40165,0.8191780821917808,1075,10.6,0.2805719375610352,0.032711430677383066,0.0
533,568,569,40165,0.8191780821917808,1125,6.3,0.27110767364501953,0.021568080855699823,0.0
535,570,571,40165,0.8191780821917808,1175,3.6,0.2628622055053711,0.011678662799569507,0.0
537,572,573,40165,0.8191780821917808,1225,1.9,0.2539644241333008,0.05130939490028215,0.0
539,574,575,40165,0.8191780821917808,1275,1.0,0.2476072311401367,0.09518656112584148,0.0
542,577,578,40165,0.8191780821917808,1350,0.625,0.2553548812866211,0.015749470541371866,0.0
543,578,579,40165,0.8191780821917808,1375,0.625,0.2624731063842773,0.0071535461924046575,0.0
544,579,580,40165,0.8191780821917808,1400,0.6,0.2681207656860352,0.11447074886293238,0.0
545,580,581,40165,0.8191780821917808,1425,0.625,0.27622318267822266,0.09779026842027724,0.0
546,581,582,40165,0.8191780821917808,1450,0.625,0.2828779220581055,0.04809750937377904,0.0
547,582,583,40165,0.8191780821917808,1475,0.6,0.2880105972290039,0.021881541829893218,0.0
549,584,585,40165,0.8191780821917808,1525,0.6,0.300593376159668,0.008274380565016186,0.0
550,585,586,40165,0.8191780821917808,1550,0.65,0.3095369338989258,0.01217737787337517,0.0
554,589,590,40165,0.8191780821917808,1800,0.575,0.3601369857788086,0.06863381456116707,0.0
555,590,591,40165,0.8191780821917808,1900,0.075,0.3145837783813477,0.01994228176186594,0.0
557,592,593,40165,0.8191780821917808,2000,0.5,0.3921232223510742,0.02446749742351063,0.0
561,596,597,40165,0.8191780821917808,550,247.1,0.4171113967895508,0.01878745380795521,169.94999999999993
562,597,598,40165,0.8191780821917808,600,209.8,0.41066837310791016,0.026561163568778908,119.94999999999993
565,600,601,40165,0.8191780821917808,750,114.1,0.3730058670043945,0.033280547290934714,0.0
568,603,604,40165,0.8191780821917808,900,48.3,0.3293581008911133,0.023105516380633538,0.0
569,604,605,40165,0.8191780821917808,950,33.8,0.3161630630493164,0.016371264972578375,0.0
570,605,606,40165,0.8191780821917808,1000,22.7,0.3037691116333008,0.02238869180015816,0.0
571,606,607,40165,0.8191780821917808,1040,16.15,0.2953634262084961,0.020366937125574063,0.0
573,608,609,40165,0.8191780821917808,1100,9.1,0.2827634811401367,0.061661374929719785,0.0
576,611,612,40165,0.8191780821917808,1250,1.5499999999999998,0.2549028396606445,0.031843317516351666,0.0
577,612,613,40165,0.8191780821917808,1300,1.0,0.2556009292602539,0.07604028794480598,0.0
580,615,616,40165,0.8191780821917808,1450,1.0,0.29971790313720703,0.031874967022967694,0.0
581,616,617,40165,0.8191780821917808,1500,1.0,0.3131532669067383,0.018198009955490747,0.0
582,617,618,40165,0.8191780821917808,1600,1.0,0.3384218215942383,0.00988296938625594,0.0
584,621,622,40347,1.3178082191780822,500,293.8,0.3659849166870117,0.014475585608800697,219.94999999999993
585,622,623,40347,1.3178082191780822,600,222.3,0.3690919876098633,0.019250114766780558,119.94999999999993
588,625,626,40347,1.3178082191780822,700,160.0,0.3549356460571289,0.020866866314052147,19.949999999999932
589,626,627,40347,1.3178082191780822,750,132.9,0.34610652923583984,0.015540954374270263,0.0
590,627,628,40347,1.3178082191780822,800,108.6,0.33669376373291016,0.008537276181690692,0.0
593,630,631,40347,1.3178082191780822,950,52.0,0.30516529083251953,0.03196185475856188,0.0
595,632,633,40347,1.3178082191780822,1025,33.4,0.2910146713256836,0.06118876970384113,0.0
597,634,635,40347,1.3178082191780822,1100,20.35,0.2782602310180664,0.029101825101638893,0.0
599,636,637,40347,1.3178082191780822,1200,9.75,0.2639379501342773,0.018220795263911186,0.0
601,638,639,40347,1.3178082191780822,1300,4.35,0.25264835357666016,0.011352035785179428,0.0
602,639,640,40347,1.3178082191780822,1350,2.675,0.2455301284790039,0.07713415835910058,0.0
605,642,643,40347,1.3178082191780822,1500,0.8,0.2391443252563477,0.109873668294759,0.0
606,643,644,40347,1.3178082191780822,1550,0.775,0.2481679916381836,0.018424478857350608,0.0
607,644,645,40347,1.3178082191780822,1600,0.55,0.2477445602416992,0.019287475377485243,0.0
608,645,646,40347,1.3178082191780822,1650,0.75,0.2658891677856445,0.09145412958999817,0.0
610,647,648,40347,1.3178082191780822,1750,0.75,0.28325557708740234,0.07059411391904942,0.0
611,648,649,40347,1.3178082191780822,1800,0.7,0.2892293930053711,0.010557167767877138,0.0
614,653,654,40529,1.8164383561643835,400,377.1,0.2638750076293945,0.04493969852196137,319.94999999999993
615,654,655,40529,1.8164383561643835,500,302.1,0.3473939895629883,0.0032188169599458765,219.94999999999993
616,655,656,40529,1.8164383561643835,600,234.7,0.35158824920654297,0.011793135544533376,119.94999999999993
617,656,657,40529,1.8164383561643835,650,204.2,0.3477144241333008,0.011674409110664507,69.94999999999993
620,659,660,40529,1.8164383561643835,750,149.6,0.33419322967529297,0.007767122517108271,0.0
621,660,661,40529,1.8164383561643835,775,137.3,0.33002185821533203,0.0360091634165163,0.0
622,661,662,40529,1.8164383561643835,800,125.8,0.32623958587646484,0.015817260194831997,0.0
624,663,664,40529,1.8164383561643835,850,104.6,0.3184289932250977,0.018601478902119457,0.0
625,664,665,40529,1.8164383561643835,875,94.7,0.3139657974243164,0.04345194736625308,0.0
626,665,666,40529,1.8164383561643835,900,85.5,0.30973148345947266,0.014694293972178706,0.0
627,666,667,40529,1.8164383561643835,950,69.0,0.3015718460083008,0.005952814611924036,0.0
628,667,668,40529,1.8164383561643835,1000,54.85,0.293635368347168,0.025676030429572914,0.0
630,669,670,40529,1.8164383561643835,1050,43.05,0.28635120391845703,0.03959715243752173,0.0
632,671,672,40529,1.8164383561643835,1125,29.15,0.276240348815918,0.025509550011746467,0.0
637,676,677,40529,1.8164383561643835,1300,10.35,0.2560529708862305,0.01976640710456236,0.0
640,679,680,40529,1.8164383561643835,1375,6.3,0.2487230300903321,0.007304104950461445,0.0
641,680,681,40529,1.8164383561643835,1400,4.9,0.2428693771362305,0.05577220015820783,0.0
643,682,683,40529,1.8164383561643835,1450,3.9,0.2440195083618164,0.06758244069244232,0.0
646,685,686,40529,1.8164383561643835,1600,1.275,0.2326211929321289,0.031707135885351886,0.0
647,686,687,40529,1.8164383561643835,1700,0.8,0.2349328994750977,0.011998053794621795,0.0
649,688,689,40529,1.8164383561643835,1900,0.75,0.26084232330322266,0.004602857687049776,0.0
652,691,692,40529,1.8164383561643835,2150,0.75,0.2909116744995117,0.04374872536673695,0.0
653,692,693,40529,1.8164383561643835,2250,0.7000000000000001,0.2995920181274414,0.016288606266057184,0.0
654,693,694,40529,1.8164383561643835,2500,0.5,0.3135251998901367,0.09534375152897537,0.0
656,699,700,40893,2.8136986301369857,450,351.7,0.3179769515991211,0.02773457274108841,269.94999999999993
657,700,701,40893,2.8136986301369857,500,318.0,0.32900333404541016,0.00998567563760135,219.94999999999993
658,701,702,40893,2.8136986301369857,550,287.6,0.3369569778442383,0.01316632101023397,169.94999999999993
659,702,703,40893,2.8136986301369857,600,258.2,0.337763786315918,0.01035681937039282,119.94999999999993
660,703,704,40893,2.8136986301369857,650,230.6,0.3360071182250977,0.01828204655129116,69.94999999999993
661,704,705,40893,2.8136986301369857,700,204.7,0.3324136734008789,0.0302559398463359,19.949999999999932
663,706,707,40893,2.8136986301369857,850,137.0,0.315241813659668,0.023223203735317798,0.0
664,707,708,40893,2.8136986301369857,900,118.1,0.3089532852172852,0.015780980021171804,0.0
665,708,709,40893,2.8136986301369857,950,101.3,0.3031797409057617,0.014640302736979338,0.0
666,709,710,40893,2.8136986301369857,1000,86.3,0.2975320816040039,0.0038231643183163984,0.0
667,710,711,40893,2.8136986301369857,1100,61.40000000000001,0.2868375778198242,0.014725772769885691,0.0
668,711,712,40893,2.8136986301369857,1200,42.5,0.2769041061401367,0.0506868036573289,0.0
670,713,714,40893,2.8136986301369857,1400,18.8,0.25956058502197266,0.015108908081704044,0.0
671,714,715,40893,2.8136986301369857,1500,11.9,0.2514352798461914,0.06283022487492095,0.0
673,716,717,40893,2.8136986301369857,1700,4.85,0.2412557601928711,0.049660189185392174,0.0
