,Unnamed: 0,Date,T,K,Price,implied_vol,local_vol
0,0,39892,0.07123287671232878,850,0.45,0.1929788589477539,0.1196281524062298
1,1,39892,0.07123287671232878,875,0.6,0.2505025863647461,
2,2,39892,0.07123287671232878,900,0.15,0.2433900833129883,0.08016194538287912
3,3,39892,0.07123287671232878,200,569.8,,
4,4,39892,0.07123287671232878,300,469.95,,
5,5,39892,0.07123287671232878,325,444.95,,
6,6,39892,0.07123287671232878,350,420.05,,
7,7,39892,0.07123287671232878,375,395.15,,
8,8,39892,0.07123287671232878,400,370.25,0.7359323501586914,
9,9,39892,0.07123287671232878,425,345.35,0.8025884628295898,
10,10,39892,0.07123287671232878,440,0.0,,
11,11,39892,0.07123287671232878,450,320.55,0.8183698654174805,
12,12,39892,0.07123287671232878,475,295.75,0.7907209396362305,0.0076046473302931105
13,13,39892,0.07123287671232878,490,280.95,0.7799177169799805,
14,14,39892,0.07123287671232878,500,271.1,0.7702817916870117,
15,15,39892,0.07123287671232878,525,246.55,0.7413740158081055,0.01782368635962923
16,16,39892,0.07123287671232878,530,241.65,0.7345590591430664,
17,17,39892,0.07123287671232878,540,231.85,0.7192525863647461,0.027547798350922543
18,19,39892,0.07123287671232878,550,222.15,0.7092905044555664,
19,20,39892,0.07123287671232878,560,212.45,0.6963357925415039,0.06566273676906793
20,21,39892,0.07123287671232878,575,197.95,0.6752901077270508,
21,22,39892,0.07123287671232878,580,193.15,0.6688413619995117,0.05585476298829022
22,23,39892,0.07123287671232878,590,183.65,0.6585702896118164,0.13258580530260228
23,24,39892,0.07123287671232878,600,174.14999999999995,0.6453409194946289,0.07580419048913353
24,25,39892,0.07123287671232878,605,169.45,0.6396760940551758,0.07339178430203437
25,26,39892,0.07123287671232878,610,164.75,0.6332731246948242,0.10039677886640404
26,27,39892,0.07123287671232878,615,160.05,0.6262063980102539,0.08675711673412156
27,28,39892,0.07123287671232878,620,155.4,0.6201410293579102,
28,29,39892,0.07123287671232878,625,150.75,0.6133661270141602,0.013167192114943922
29,30,39892,0.07123287671232878,630,146.0,0.602992057800293,0.07528988212441094
30,31,39892,0.07123287671232878,635,141.4,0.596491813659668,0.03609032090454303
31,32,39892,0.07123287671232878,640,136.9,0.5919771194458008,
32,33,39892,0.07123287671232878,645,132.4,0.5865755081176758,
33,34,39892,0.07123287671232878,650,127.9,0.5803556442260742,0.06581172439585797
34,35,39892,0.07123287671232878,655,123.4,0.5733861923217773,0.07916001233284396
35,36,39892,0.07123287671232878,660,119.0,0.5679445266723633,
36,37,39892,0.07123287671232878,665,114.6,0.5616617202758789,0.02591037956275409
37,38,39892,0.07123287671232878,670,110.3,0.5566434860229492,0.13109058914220717
38,39,39892,0.07123287671232878,675,106.0,0.5507268905639648,0.06093381175220667
39,40,39892,0.07123287671232878,680,101.8,0.5458574295043945,0.15117064061844196
40,41,39892,0.07123287671232878,685,97.6,0.5400609970092773,0.15071365988083732
41,42,39892,0.07123287671232878,690,93.4,0.5333890914916992,0.0461173111921501
42,43,39892,0.07123287671232878,695,89.4,0.5292577743530273,
43,44,39892,0.07123287671232878,700,85.3,0.5224828720092773,0.06716103587269626
44,45,39892,0.07123287671232878,705,81.4,0.5179910659790039,
45,46,39892,0.07123287671232878,710,77.5,0.512486457824707,0.16498025374309605
46,47,39892,0.07123287671232878,715,73.6,0.5060033798217773,
47,48,39892,0.07123287671232878,720,69.65,0.4978666305541992,
48,49,39892,0.07123287671232878,725,65.75,0.4895467758178711,
49,50,39892,0.07123287671232878,730,62.3,0.486485481262207,0.0936175946579299
50,51,39892,0.07123287671232878,735,58.65,0.4795732498168945,
51,52,39892,0.07123287671232878,740,55.2,0.4742517471313477,
52,53,39892,0.07123287671232878,745,51.85,0.4691019058227539,
53,54,39892,0.07123287671232878,750,48.55,0.4634313583374024,0.8216149417983407
54,55,39892,0.07123287671232878,755,45.45,0.4591054916381836,0.16734704762333283
55,56,39892,0.07123287671232878,760,42.3,0.4529314041137695,0.03815996853822681
56,57,39892,0.07123287671232878,765,39.40000000000001,0.4486169815063477,
57,58,39892,0.07123287671232878,770,36.6,0.44425106048583984,0.021482727983467263
58,59,39892,0.07123287671232878,775,33.9,0.43979930877685547,0.13692947465684938
59,60,39892,0.07123287671232878,780,31.3,0.4352502822875977,
60,61,39892,0.07123287671232878,785,28.8,0.4305696487426758,0.15812073202354107
61,62,39892,0.07123287671232878,790,26.65,0.4288244247436523,
62,63,39892,0.07123287671232878,795,24.1,0.4207220077514648,
63,64,39892,0.07123287671232878,800,22.35,0.4212198257446289,
64,65,39892,0.07123287671232878,805,20.200000000000006,0.4152402877807617,0.12354304896224805
65,66,39892,0.07123287671232878,810,18.05,0.40767574310302734,
66,67,39892,0.07123287671232878,815,16.5,0.4065485000610352,
67,68,39892,0.07123287671232878,820,14.75,0.4012155532836914,0.12272761127385483
68,69,39892,0.07123287671232878,825,13.1,0.3956365585327149,0.06422676239235765
69,70,39892,0.07123287671232878,830,12.0,0.3965921401977539,
70,71,39892,0.07123287671232878,835,10.85,0.3955049514770508,
71,72,39892,0.07123287671232878,840,9.45,0.3888673782348633,0.022392090689321208
72,73,39892,0.07123287671232878,845,8.55,0.3889017105102539,
73,74,39892,0.07123287671232878,850,7.1,0.3774404525756836,0.10763175636910945
74,75,39892,0.07123287671232878,855,6.65,0.38289928436279297,
75,76,39892,0.07123287671232878,860,5.8,0.3793516159057617,
76,77,39892,0.07123287671232878,865,4.65,0.36710071563720703,0.10239543706878625
77,78,39892,0.07123287671232878,870,4.15,0.3675642013549805,0.04942277385963338
78,79,39892,0.07123287671232878,875,3.55,0.3640565872192383,0.07710747418704467
79,80,39892,0.07123287671232878,880,3.3,0.368748664855957,
80,81,39892,0.07123287671232878,885,2.55,0.3570699691772461,0.09762343869165342
81,82,39892,0.07123287671232878,890,2.35,0.3610811233520508,0.1541215312967051
82,83,39892,0.07123287671232878,895,2.025,0.35968494415283203,0.049329747948925855
83,84,39892,0.07123287671232878,900,1.7000000000000002,0.3566408157348633,
84,85,39892,0.07123287671232878,905,1.45,0.3551301956176758,0.11422656447102995
85,86,39892,0.07123287671232878,910,1.1749999999999998,0.3505582809448242,
86,87,39892,0.07123287671232878,915,1.0,0.3495626449584961,0.06171514042493751
87,88,39892,0.07123287671232878,920,1.0,0.35851192474365234,
88,89,39892,0.07123287671232878,925,0.8,0.3538198471069336,0.12192828417703566
89,90,39892,0.07123287671232878,930,0.775,0.36049747467041016,
90,91,39892,0.07123287671232878,935,0.775,0.36893177032470703,0.05614541054310748
91,92,39892,0.07123287671232878,940,0.775,0.3772859573364258,
92,93,39892,0.07123287671232878,945,0.775,0.3855657577514648,
93,94,39892,0.07123287671232878,950,0.375,0.3540029525756836,0.05433012951259576
94,95,39892,0.07123287671232878,955,0.775,0.4019021987915039,0.12346034081424916
95,96,39892,0.07123287671232878,960,0.25,0.35007190704345703,
96,97,39892,0.07123287671232878,965,0.75,0.4158411026000977,
97,98,39892,0.07123287671232878,970,0.275,0.3685998916625977,
98,99,39892,0.07123287671232878,975,0.2,0.3613672256469727,0.01642824269261026
99,100,39892,0.07123287671232878,980,0.7000000000000001,0.4347810745239258,0.07009849784041745
100,101,39892,0.07123287671232878,985,0.175,0.3691492080688477,0.05344501428040227
101,102,39892,0.07123287671232878,990,0.675,0.4476041793823242,0.06824804253378174
102,103,39892,0.07123287671232878,995,0.675,0.4550943374633789,
103,104,39892,0.07123287671232878,1000,0.125,0.374699592590332,0.0699926225897174
104,105,39892,0.07123287671232878,1005,0.65,0.4673566818237305,0.09437551835579118
105,106,39892,0.07123287671232878,1010,0.65,0.4746522903442383,
106,107,39892,0.07123287671232878,1015,0.225,0.4200983047485352,
107,108,39892,0.07123287671232878,1020,0.65,0.4890775680541992,
108,109,39892,0.07123287671232878,1025,0.05,0.3707571029663086,
109,110,39892,0.07123287671232878,1030,0.1,0.4024057388305664,
110,111,39892,0.07123287671232878,1035,0.075,0.3968667984008789,0.06722429974658183
111,112,39892,0.07123287671232878,1040,0.075,0.40262317657470703,0.1667415887967021
112,113,39892,0.07123287671232878,1045,0.1,0.42006969451904297,0.11688585421389609
113,114,39892,0.07123287671232878,1050,0.05,0.39865779876708973,
114,115,39892,0.07123287671232878,1055,0.05,0.4041337966918945,
115,116,39892,0.07123287671232878,1065,0.05,0.4149770736694336,
116,117,39892,0.07123287671232878,1070,0.05,0.4203500747680664,
117,118,39892,0.07123287671232878,1075,0.05,0.42569446563720703,
118,119,39892,0.07123287671232878,1090,0.05,0.4415216445922852,0.09904987886390887
119,120,39892,0.07123287671232878,1100,0.05,0.4519243240356445,
120,121,39892,0.07123287671232878,1125,0.05,0.4773931503295898,
121,122,39892,0.07123287671232878,1150,0.05,0.5021581649780273,
122,123,39892,0.07123287671232878,1175,0.05,0.5262537002563477,
123,124,39892,0.07123287671232878,1180,0.05,0.5309915542602539,
124,125,39892,0.07123287671232878,1185,0.05,0.5357122421264648,0.16566897836190694
125,126,39892,0.07123287671232878,1190,0.05,0.5404043197631836,
126,127,39892,0.07123287671232878,1195,0.05,0.5450735092163086,0.05695845444177801
127,128,39892,0.07123287671232878,1200,0.05,0.5497140884399414,
128,129,39892,0.07123287671232878,1215,0.05,0.5635042190551758,0.1385721916149966
129,130,39892,0.07123287671232878,1225,0.05,0.5725793838500977,0.12090940059488814
130,131,39892,0.07123287671232878,1250,0.05,0.594883918762207,
131,132,39892,0.07123287671232878,1275,0.05,0.6166448593139648,
132,133,39892,0.07123287671232878,1300,0.025,0.6037530899047852,
133,134,39892,0.07123287671232878,1325,0.025,0.6236028671264648,
134,135,39892,0.07123287671232878,1350,0.025,0.6430120468139648,0.08093203699984831
135,136,39892,0.07123287671232878,1375,0.025,0.6620035171508789,0.0880312160365827
136,137,39892,0.07123287671232878,1385,0.025,0.6694879531860352,
137,138,39892,0.07123287671232878,1400,0.025,0.6805944442749023,
138,139,39892,0.07123287671232878,1425,0.025,0.698796272277832,
139,140,39892,0.07123287671232878,1450,0.025,0.7166318893432617,
140,141,39892,0.07123287671232878,1475,0.025,0.7341127395629883,0.09372170723013046
141,142,39892,0.07123287671232878,1500,0.025,0.7512502670288086,
142,143,39892,0.07123287671232878,1525,0.05,0.8096036911010742,0.0057618528043217815
143,144,39892,0.07123287671232878,1550,0.05,0.8268270492553711,
144,145,39892,0.07123287671232878,1575,0.05,0.843724250793457,
145,146,39892,0.07123287671232878,1600,0.025,0.8166475296020508,
146,147,39892,0.07123287671232878,1650,0.05,0.892613410949707,0.0694373359440735
147,148,39892,0.07123287671232878,1700,0.05,0.9237985610961914,
148,149,39892,0.07123287671232878,1750,0.05,0.9539480209350586,
149,150,39892,0.07123287671232878,1800,0.05,0.9831304550170898,0.14647456597515326
150,151,39892,0.07123287671232878,1850,0.05,1.0113973617553709,0.13271585582604237
151,152,39892,0.07123287671232878,1875,0.05,1.0252046585083008,
152,153,39892,0.07123287671232878,1900,0.05,1.0388059616088867,0.01864057531748748
153,154,39892,0.07123287671232878,2000,0.05,1.0912542343139648,0.08698410265861849
154,155,39892,0.07123287671232878,400,370.15,,
155,156,39892,0.07123287671232878,425,345.4,0.8359308242797852,
156,157,39892,0.07123287671232878,450,320.7,0.8611135482788086,
157,158,39892,0.07123287671232878,475,296.1,0.8527822494506836,
158,159,39892,0.07123287671232878,500,271.6,0.8293962478637695,0.0018094077485456285
159,160,39892,0.07123287671232878,525,247.3,0.8041219711303711,0.010403659903004356
160,161,39892,0.07123287671232878,550,223.3,0.7796030044555664,
161,162,39892,0.07123287671232878,575,199.5,0.7473936080932617,0.15050656004906907
162,163,39892,0.07123287671232878,600,176.14999999999995,0.7168607711791992,
163,164,39892,0.07123287671232878,625,153.3,0.6852579116821289,
164,165,39892,0.07123287671232878,650,131.15,0.654170036315918,0.19278792251184965
165,166,39892,0.07123287671232878,700,89.75,0.5927839279174805,0.0367782720232806
166,167,39892,0.07123287671232878,750,54.3,0.5361356735229492,0.1681178979459767
167,168,39892,0.07123287671232878,780,37.0,0.5048131942749023,0.07903770593997615
168,169,39892,0.07123287671232878,800,27.45,0.4854269027709961,0.4054063503531531
169,170,39892,0.07123287671232878,850,11.1,0.4469289779663086,
170,171,39892,0.07123287671232878,875,6.300000000000002,0.4291677474975586,0.07164786654748646
171,172,39892,0.07123287671232878,900,3.3,0.41348934173583984,0.1316949054123572
172,173,39892,0.07123287671232878,925,1.625,0.40146732330322266,
173,174,39892,0.07123287671232878,950,0.975,0.4086885452270508,0.023357681574402038
174,175,39892,0.07123287671232878,975,0.5,0.4066858291625977,0.0626943559734127
175,176,39892,0.07123287671232878,1000,0.5,0.4432954788208008,
176,177,39892,0.07123287671232878,1025,0.5,0.4785375595092773,0.143053374537745
177,178,39892,0.07123287671232878,1050,0.5,0.512537956237793,
178,179,39892,0.07123287671232878,1075,0.5,0.5453882217407227,0.10926713434792834
179,180,39892,0.07123287671232878,1100,0.175,0.5104265213012695,
180,181,39892,0.07123287671232878,1150,0.15,0.5568037033081055,0.09135897111225151
181,182,39892,0.07123287671232878,1200,0.125,0.5975732803344727,0.06095690695694912
182,183,39892,0.07123287671232878,1250,0.1,0.6324090957641602,
183,184,39892,0.07123287671232878,1300,0.05,0.6378965377807617,0.00811111415689926
184,185,39892,0.07123287671232878,1350,0.05,0.6789579391479492,0.060944097770850844
185,186,39892,0.07123287671232878,1400,0.05,0.7182397842407227,
186,187,39892,0.07123287671232878,1450,0.05,0.7558965682983398,
187,188,39892,0.07123287671232878,1500,0.05,0.7920541763305664,0.04425828103556021
188,189,39892,0.07123287671232878,1550,0.05,0.8268270492553711,
189,190,39920,0.14794520547945206,200,568.0,,
190,191,39920,0.14794520547945206,300,468.4,,
191,192,39920,0.14794520547945206,350,418.75,,
192,193,39920,0.14794520547945206,375,394.05,,
193,194,39920,0.14794520547945206,400,369.35,,
194,195,39920,0.14794520547945206,425,344.75,,
195,196,39920,0.14794520547945206,450,320.25,,
196,197,39920,0.14794520547945206,480,291.05,0.5462408065795898,0.022770567840869563
197,198,39920,0.14794520547945206,490,281.4,0.5626859664916992,
198,199,39920,0.14794520547945206,500,271.75,0.5685796737670898,
199,200,39920,0.14794520547945206,510,262.15,0.5716352462768555,
200,201,39920,0.14794520547945206,515,257.35,0.571263313293457,0.03566376924025659
201,202,39920,0.14794520547945206,520,252.6,0.5724992752075195,
202,203,39920,0.14794520547945206,525,247.75,0.5677556991577148,
203,204,39920,0.14794520547945206,530,242.95,0.5648889541625977,0.15479657333091937
204,205,39920,0.14794520547945206,540,233.45,0.5613813400268555,0.006962301057327604
205,206,39920,0.14794520547945206,550,224.05,0.5585947036743164,0.09851024574657664
206,207,39920,0.14794520547945206,560,214.75,0.5559968948364258,
207,208,39920,0.14794520547945206,570,205.45,0.5505380630493164,0.07707514996905593
208,209,39920,0.14794520547945206,575,200.85,0.5482263565063477,
209,210,39920,0.14794520547945206,580,196.3,0.5465154647827148,0.027043915429687742
210,211,39920,0.14794520547945206,585,191.75,0.5441122055053711,
211,212,39920,0.14794520547945206,590,187.2,0.5410909652709961,0.030960957284927548
212,213,39920,0.14794520547945206,600,178.15,0.5344476699829102,0.042292794112851556
213,214,39920,0.14794520547945206,605,173.7,0.5317983627319336,
214,215,39920,0.14794520547945206,610,169.25,0.528559684753418,
215,216,39920,0.14794520547945206,615,164.85,0.5256757736206055,0.04518699017810075
216,217,39920,0.14794520547945206,620,160.45,0.5222311019897461,
217,218,39920,0.14794520547945206,625,156.05,0.5182657241821289,
218,219,39920,0.14794520547945206,630,151.75,0.5153989791870117,0.13927674250225391
219,220,39920,0.14794520547945206,635,147.45,0.5119657516479492,
220,221,39920,0.14794520547945206,640,143.15,0.5080060958862305,
221,222,39920,0.14794520547945206,645,138.95,0.504979133605957,0.08374425917955759
222,223,39920,0.14794520547945206,650,134.75,0.5013914108276367,0.004693887727827694
223,224,39920,0.14794520547945206,655,130.55,0.497288703918457,0.0644813435051742
224,225,39920,0.14794520547945206,660,126.45,0.4939756393432617,
225,226,39920,0.14794520547945206,665,122.35,0.4901189804077149,
226,227,39920,0.14794520547945206,670,118.35,0.4869604110717773,0.0708204811987254
227,228,39920,0.14794520547945206,675,114.35,0.4832468032836914,0.06456796987132722
228,229,39920,0.14794520547945206,680,110.35,0.4790010452270508,0.07032156395472436
229,230,39920,0.14794520547945206,685,106.45,0.4753618240356445,
230,231,39920,0.14794520547945206,690,102.65,0.4722661972045898,
231,232,39920,0.14794520547945206,695,98.85,0.4685983657836914,
232,233,39920,0.14794520547945206,700,95.05,0.464381217956543,0.053581841992741824
233,234,39920,0.14794520547945206,705,91.35,0.4606447219848633,
234,235,39920,0.14794520547945206,710,87.75,0.4573373794555664,0.041490996251433876
235,236,39920,0.14794520547945206,715,84.15,0.4534521102905274,
236,237,39920,0.14794520547945206,720,80.65,0.4499502182006836,0.02246439762366992
237,238,39920,0.14794520547945206,725,77.15,0.4458703994750977,0.05576851539410939
238,239,39920,0.14794520547945206,730,73.65,0.441218376159668,0.023579747303931524
239,240,39920,0.14794520547945206,735,70.25,0.4369039535522461,
240,241,39920,0.14794520547945206,740,67.05,0.4337968826293945,0.05536939554940927
241,242,39920,0.14794520547945206,745,63.85,0.4300661087036133,0.07226730479352486
242,243,39920,0.14794520547945206,750,60.65,0.4257230758666992,0.16654047877784225
243,244,39920,0.14794520547945206,755,57.65,0.4224958419799805,
244,245,39920,0.14794520547945206,760,54.65,0.4186277389526367,0.07064722349789486
245,246,39920,0.14794520547945206,765,51.85,0.4158182144165039,
246,247,39920,0.14794520547945206,770,49.05,0.4123506546020508,0.030705956337688845
247,248,39920,0.14794520547945206,775,46.4,0.409489631652832,
248,249,39920,0.14794520547945206,780,43.85,0.4068002700805664,
249,250,39920,0.14794520547945206,785,41.35,0.4038476943969727,
250,251,39920,0.14794520547945206,790,38.9,0.4006319046020508,
251,252,39920,0.14794520547945206,795,36.55,0.3975706100463867,0.09255754401588016
252,253,39920,0.14794520547945206,800,34.3,0.3946523666381836,0.029689813430993
253,254,39920,0.14794520547945206,805,32.1,0.391453742980957,0.13738974264980888
254,255,39920,0.14794520547945206,810,30.0,0.3883981704711914,
255,256,39920,0.14794520547945206,815,27.9,0.3845987319946289,
256,257,39920,0.14794520547945206,820,25.9,0.3809309005737305,
257,258,39920,0.14794520547945206,825,23.65,0.3741846084594727,0.07183483820593223
258,259,39920,0.14794520547945206,830,22.15,0.37351512908935547,
259,260,39920,0.14794520547945206,835,20.5,0.370722770690918,0.062313130617219964
260,261,39920,0.14794520547945206,840,18.85,0.3671407699584961,0.04681288586573253
261,262,39920,0.14794520547945206,845,17.35,0.3642110824584961,0.045591558893288794
262,263,39920,0.14794520547945206,850,16.3,0.3650979995727539,0.08423304439506084
263,264,39920,0.14794520547945206,855,14.6,0.3584718704223633,
264,265,39920,0.14794520547945206,860,13.35,0.3556966781616211,
265,266,39920,0.14794520547945206,865,12.15,0.35263538360595703,
266,267,39920,0.14794520547945206,870,11.45,0.3546323776245117,
267,268,39920,0.14794520547945206,875,10.35,0.3511991500854492,0.049608923343734866
268,269,39920,0.14794520547945206,880,9.4,0.348750114440918,0.03364311560968462
269,270,39920,0.14794520547945206,885,8.4,0.34475040435791016,0.08752017999728898
270,271,39920,0.14794520547945206,890,7.6,0.3425588607788086,0.0639502497197765
271,272,39920,0.14794520547945206,895,6.800000000000002,0.3394861221313477,
272,273,39920,0.14794520547945206,900,5.85,0.3329801559448242,
273,274,39920,0.14794520547945206,905,5.699999999999998,0.33869075775146484,
274,275,39920,0.14794520547945206,910,5.1,0.3363618850708008,
275,276,39920,0.14794520547945206,915,4.35,0.3302106857299805,0.029401393166642163
276,277,39920,0.14794520547945206,920,4.0,0.3307828903198242,
277,278,39920,0.14794520547945206,925,3.75,0.33292293548583984,0.06604986534982278
278,279,39920,0.14794520547945206,930,3.3,0.3301362991333008,
279,280,39920,0.14794520547945206,935,2.8,0.3250265121459961,
280,281,39920,0.14794520547945206,940,2.5,0.3238935470581055,
281,282,39920,0.14794520547945206,945,2.2,0.3219480514526367,0.017477119403804097
282,283,39920,0.14794520547945206,950,2.2,0.3284139633178711,
283,284,39920,0.14794520547945206,960,1.425,0.3143606185913086,0.033335419226235466
284,285,39920,0.14794520547945206,970,1.025,0.3084096908569336,
285,286,39920,0.14794520547945206,975,1.0,0.3127756118774414,
286,287,39920,0.14794520547945206,980,0.75,0.30431270599365234,0.0687461655716408
287,288,39920,0.14794520547945206,990,0.6,0.3047933578491211,
288,289,39920,0.14794520547945206,1000,0.75,0.32544422149658203,0.11613657782337913
289,290,39920,0.14794520547945206,1010,0.6,0.32511234283447266,0.11201876079280045
290,291,39920,0.14794520547945206,1020,0.6,0.3350400924682617,
291,292,39920,0.14794520547945206,1025,0.625,0.3419008255004883,
292,293,39920,0.14794520547945206,1030,0.6,0.34482479095458984,0.12569972664934953
293,294,39920,0.14794520547945206,1040,0.6,0.3544721603393555,
294,295,39920,0.14794520547945206,1050,0.225,0.3218965530395508,0.02201714648000791
295,296,39920,0.14794520547945206,1060,0.6,0.3733663558959961,
296,297,39920,0.14794520547945206,1075,0.65,0.3914365768432617,0.038134692804887314
297,298,39920,0.14794520547945206,1090,0.6,0.4007635116577149,
298,299,39920,0.14794520547945206,1100,0.65,0.4140729904174805,
299,300,39920,0.14794520547945206,1125,0.6,0.4314165115356445,
300,301,39920,0.14794520547945206,1150,0.6,0.4525136947631836,
301,302,39920,0.14794520547945206,1175,0.6,0.4730043411254883,0.06874093269932309
302,303,39920,0.14794520547945206,1200,0.6,0.4929113388061523,
303,304,39920,0.14794520547945206,1225,0.575,0.5095682144165039,
304,305,39920,0.14794520547945206,1250,0.575,0.5283479690551758,
305,306,39920,0.14794520547945206,1275,0.575,0.5466470718383789,0.061612867677895845
306,307,39920,0.14794520547945206,1300,0.575,0.5644941329956055,
307,308,39948,0.22465753424657534,200,566.25,,
308,309,39948,0.22465753424657534,300,466.95,,
309,310,39948,0.22465753424657534,350,417.65,,
310,311,39948,0.22465753424657534,400,368.65,,
311,312,39948,0.22465753424657534,450,320.35,,
312,313,39948,0.22465753424657534,490,282.25,0.4962015151977539,
313,314,39948,0.22465753424657534,500,272.75,0.5008020401000977,
314,315,39948,0.22465753424657534,515,258.75,0.5087614059448242,
315,316,39948,0.22465753424657534,525,249.45,0.5098142623901367,0.06656391963498477
316,317,39948,0.22465753424657534,540,235.65,0.509648323059082,
317,318,39948,0.22465753424657534,550,226.55,0.5084638595581055,0.03189843910005886
318,319,39948,0.22465753424657534,560,217.55,0.5068845748901367,0.07054787724536604
319,320,39948,0.22465753424657534,590,190.95,0.4963274002075195,
320,321,39948,0.22465753424657534,600,182.35,0.4930486679077149,
321,322,39948,0.22465753424657534,625,161.25,0.4820623397827149,0.05504380741174641
322,323,39948,0.22465753424657534,650,140.85,0.4686613082885742,0.13192232303672677
323,324,39948,0.22465753424657534,675,121.35,0.4543046951293945,0.023064304265980218
324,325,39948,0.22465753424657534,700,103.05,0.44058895111083984,0.04361344922845117
325,326,39948,0.22465753424657534,725,85.95,0.42629528045654297,
326,327,39948,0.22465753424657534,750,70.15,0.41128063201904297,
327,328,39948,0.22465753424657534,775,55.95,0.3967695236206055,0.06739292247916459
328,329,39948,0.22465753424657534,800,43.75,0.3847246170043945,
329,330,39948,0.22465753424657534,825,33.1,0.3716096878051758,0.08657175741056362
330,331,39948,0.22465753424657534,850,24.05,0.357539176940918,0.005644352839037868
331,332,39948,0.22465753424657534,875,17.0,0.3459291458129883,0.08747645737415861
332,333,39948,0.22465753424657534,900,11.8,0.337397575378418,
333,334,39948,0.22465753424657534,925,7.5,0.3241281509399414,
334,335,39948,0.22465753424657534,950,5.0,0.3197908401489258,
335,336,39948,0.22465753424657534,975,3.0,0.3104524612426758,0.0267539034937513
336,337,39948,0.22465753424657534,1000,1.6,0.2981042861938477,0.04901378055734801
337,338,39948,0.22465753424657534,1025,0.75,0.2843828201293945,0.05094719381136967
338,339,39948,0.22465753424657534,1050,0.6,0.2949686050415039,
339,340,39948,0.22465753424657534,1060,0.6,0.3025789260864258,
340,341,39948,0.22465753424657534,1075,0.6,0.3138113021850586,
341,342,39948,0.22465753424657534,1100,0.6,0.33203601837158203,0.049269002271442736
342,343,39948,0.22465753424657534,1125,0.6,0.3496999740600586,0.1894800987911329
343,344,39948,0.22465753424657534,1150,0.6,0.366826057434082,0.03833623551972488
344,345,39948,0.22465753424657534,1175,0.6,0.3834543228149414,
345,346,39948,0.22465753424657534,1200,0.6,0.3996133804321289,0.07624127523931212
346,347,39948,0.22465753424657534,1225,0.575,0.4131345748901367,
347,348,39948,0.22465753424657534,1250,0.575,0.4283781051635742,
348,349,39948,0.22465753424657534,1275,0.575,0.4432268142700195,
349,350,39948,0.22465753424657534,1300,0.575,0.4577093124389648,0.10027696979172294
350,351,39983,0.3205479452054795,200,564.15,,
351,352,39983,0.3205479452054795,300,465.45,,
352,353,39983,0.3205479452054795,350,416.55,,
353,354,39983,0.3205479452054795,400,368.35,,
354,355,39983,0.3205479452054795,440,330.25,,
355,356,39983,0.3205479452054795,450,320.85,,
356,357,39983,0.3205479452054795,465,306.85,0.4182844161987305,
357,358,39983,0.3205479452054795,475,297.55,0.4418249130249024,0.0379308684293125
358,359,39983,0.3205479452054795,500,274.65,0.4700860977172852,0.012262957482010974
359,360,39983,0.3205479452054795,510,265.55,0.473851203918457,0.0453022234664387
360,361,39983,0.3205479452054795,515,261.05,0.4756135940551758,
361,362,39983,0.3205479452054795,525,252.05,0.4768781661987305,
362,363,39983,0.3205479452054795,550,229.95,0.4767637252807617,
363,364,39983,0.3205479452054795,565,216.95,0.474583625793457,
364,365,39983,0.3205479452054795,575,208.45,0.4730901718139648,0.0391011489373725
365,366,39983,0.3205479452054795,585,199.95,0.469965934753418,0.08382680585353867
366,367,39983,0.3205479452054795,600,187.35,0.4642782211303711,
367,368,39983,0.3205479452054795,615,175.15,0.459568977355957,0.0272200169191318
368,369,39983,0.3205479452054795,625,167.15,0.4559698104858398,0.05208755023192684
369,370,39983,0.3205479452054795,635,159.25,0.4519414901733398,
370,371,39983,0.3205479452054795,650,147.65,0.445612907409668,
371,372,39983,0.3205479452054795,675,129.05,0.4345808029174805,0.0062738214103527775
372,373,39983,0.3205479452054795,685,121.75,0.4290933609008789,0.03494391978084837
373,374,39983,0.3205479452054795,700,111.35,0.4224042892456055,0.047873229510259796
374,375,39983,0.3205479452054795,715,101.25,0.41495418548583984,0.28584299766209176
375,376,39983,0.3205479452054795,725,94.75,0.4099588394165039,
376,377,39983,0.3205479452054795,735,88.45,0.4049749374389648,0.05366670162703417
377,378,39983,0.3205479452054795,750,79.45,0.3979024887084961,
378,379,39983,0.3205479452054795,775,65.3,0.3848161697387695,
379,380,39983,0.3205479452054795,785,60.2,0.38057613372802734,
380,381,39983,0.3205479452054795,800,53.0,0.374333381652832,0.014378360541326221
381,382,39983,0.3205479452054795,815,46.15000000000001,0.3670949935913086,0.03359404861924313
382,383,39983,0.3205479452054795,825,41.95,0.36269474029541016,0.044190704236563336
383,384,39983,0.3205479452054795,835,37.9,0.3577852249145508,0.03417264693251498
384,385,39983,0.3205479452054795,850,32.35,0.3509130477905273,
385,386,39983,0.3205479452054795,875,24.5,0.3410024642944336,0.05335929956890709
386,387,39983,0.3205479452054795,885,21.5,0.33530330657958984,
387,388,39983,0.3205479452054795,900,17.75,0.3290548324584961,
388,389,39983,0.3205479452054795,925,12.5,0.3183717727661133,0.04656442275443256
389,390,39983,0.3205479452054795,950,9.1,0.31454944610595703,0.07960101443040724
390,391,39983,0.3205479452054795,975,6.25,0.3076715469360352,
391,392,39983,0.3205479452054795,1000,3.85,0.2958555221557617,0.03310809372305079
392,393,39983,0.3205479452054795,1025,2.6,0.2927255630493164,0.03358733115700476
393,394,39983,0.3205479452054795,1050,1.775,0.29123783111572266,
394,395,39983,0.3205479452054795,1075,0.8999999999999999,0.2776708602905273,
395,396,39983,0.3205479452054795,1100,0.95,0.2958841323852539,0.04820664326163433
396,397,39983,0.3205479452054795,1125,0.65,0.29544925689697266,
397,398,39983,0.3205479452054795,1150,0.65,0.3099031448364258,
398,399,39983,0.3205479452054795,1175,0.65,0.3239336013793945,0.05049746161371221
399,400,39983,0.3205479452054795,1180,0.625,0.3250436782836914,0.0465591018722357
400,401,39983,0.3205479452054795,1185,0.625,0.3277730941772461,0.15117966082825757
401,402,39983,0.3205479452054795,1190,0.625,0.3304910659790039,0.014333275575825555
402,403,39983,0.3205479452054795,1195,0.625,0.3331918716430664,0.02528149323633638
403,404,39983,0.3205479452054795,1200,0.55,0.3305082321166992,0.014604906319466593
404,405,39983,0.3205479452054795,1225,0.65,0.3508329391479492,0.04983550189672213
405,406,39983,0.3205479452054795,1250,0.4,0.3430452346801758,0.095828475738908
406,407,39983,0.3205479452054795,1275,0.35,0.3497514724731445,
407,408,39983,0.3205479452054795,1300,0.325,0.3584203720092773,0.02270544396720473
408,409,39983,0.3205479452054795,1325,0.3,0.3664941787719727,
409,410,39983,0.3205479452054795,1350,0.275,0.3739557266235352,
410,411,39983,0.3205479452054795,1375,0.425,0.4031438827514648,
411,412,39983,0.3205479452054795,1400,0.625,0.4327325820922852,
412,413,39983,0.3205479452054795,1425,0.625,0.4435930252075195,
413,414,39983,0.3205479452054795,1450,0.625,0.454218864440918,
414,415,39983,0.3205479452054795,1475,0.6,0.4624128341674805,0.028727448826943267
415,416,39983,0.3205479452054795,1500,0.6,0.4725637435913086,
416,417,39983,0.3205479452054795,1525,0.6,0.4825029373168945,
417,418,39983,0.3205479452054795,1550,0.6,0.4922475814819336,0.02011075316026003
418,419,39983,0.3205479452054795,1575,0.6,0.5018033981323242,0.0199320126343093
419,420,39983,0.3205479452054795,1600,0.6,0.5111761093139648,
420,421,39983,0.3205479452054795,1650,0.6,0.5294008255004883,
421,422,39983,0.3205479452054795,1700,0.575,0.5443925857543945,0.03161737981588516
422,423,39983,0.3205479452054795,1800,0.575,0.5776262283325195,0.02429428596607749
423,424,39983,0.3205479452054795,1900,0.575,0.6087255477905273,0.0605648262513656
424,425,39983,0.3205479452054795,490,283.75,0.4618806838989258,0.02687901775949421
425,426,39983,0.3205479452054795,600,188.85,0.4796533584594727,
426,427,39983,0.3205479452054795,650,149.5,0.4602327346801758,0.047037642301321764
427,428,39983,0.3205479452054795,700,113.6,0.437230110168457,
428,429,39983,0.3205479452054795,750,81.95,0.4126882553100586,0.05481694993738471
429,430,39983,0.3205479452054795,800,55.3,0.3875799179077149,0.04242834149082245
430,431,39983,0.3205479452054795,850,34.65,0.3651037216186523,
431,432,39983,0.3205479452054795,900,19.85,0.3446073532104492,
432,433,39983,0.3205479452054795,950,10.5,0.3285341262817383,
433,434,39983,0.3205479452054795,1000,4.949999999999998,0.3131246566772461,0.024790260661705484
434,435,39983,0.3205479452054795,1050,2.05,0.2986879348754883,
435,436,39983,0.3205479452054795,1100,0.75,0.2860994338989258,
436,437,39983,0.3205479452054795,1125,0.6,0.2923421859741211,0.013878513671470624
437,438,39983,0.3205479452054795,1150,0.6,0.3066816329956055,0.04354660596297453
438,439,39983,0.3205479452054795,1175,0.6,0.32060909271240234,0.01816145498844263
439,440,39983,0.3205479452054795,1200,0.6,0.33414173126220703,
440,441,39983,0.3205479452054795,1225,0.6,0.3473024368286133,0.032110027926575205
441,442,39983,0.3205479452054795,1250,0.15,0.3089704513549805,
442,443,39983,0.3205479452054795,1275,0.15,0.3200826644897461,0.025252718611248712
443,444,39983,0.3205479452054795,1300,0.15,0.3309316635131836,
444,445,39983,0.3205479452054795,1325,0.15,0.3415231704711914,0.049585450666758166
445,446,39983,0.3205479452054795,1350,0.15,0.35187435150146484,
446,447,39983,0.3205479452054795,1375,0.15,0.3619909286499024,0.0954263026961152
447,448,39983,0.3205479452054795,1400,0.15,0.3718843460083008,
448,449,39983,0.3205479452054795,1425,0.15,0.38157176971435547,0.10617295121754677
449,450,39983,0.3205479452054795,1450,0.15,0.3910531997680664,0.10568774780909368
450,451,39983,0.3205479452054795,1475,0.15,0.4003400802612305,0.10055581241757544
451,452,39983,0.3205479452054795,1500,0.125,0.4026632308959961,0.14685028502103387
452,453,39983,0.3205479452054795,1550,0.125,0.4201040267944336,
453,454,39983,0.3205479452054795,1600,0.125,0.4368925094604492,0.0458541884050875
454,455,39983,0.3205479452054795,1650,0.1,0.4443941116333008,
455,456,40074,0.5698630136986301,200,560.75,,
456,457,40074,0.5698630136986301,300,463.45,,
457,458,40074,0.5698630136986301,350,415.85,,
458,459,40074,0.5698630136986301,400,369.25,,
459,460,40074,0.5698630136986301,450,323.95,0.3894853591918945,
460,461,40074,0.5698630136986301,500,280.15,0.4291105270385742,0.0299632783578168
461,462,40074,0.5698630136986301,530,0.0,,
462,463,40074,0.5698630136986301,540,0.0,,
463,464,40074,0.5698630136986301,550,238.15,0.4314508438110352,
464,465,40074,0.5698630136986301,575,0.0,,
465,466,40074,0.5698630136986301,600,198.75,0.42496204376220703,0.01981768882126828
466,467,40074,0.5698630136986301,650,161.65,0.4103879928588867,
467,468,40074,0.5698630136986301,675,144.25,0.4021196365356445,0.024165845851958846
468,469,40074,0.5698630136986301,700,127.85,0.3941774368286133,
469,470,40074,0.5698630136986301,725,112.15,0.38492488861083984,0.020446046397092812
470,471,40074,0.5698630136986301,750,97.55,0.3761014938354492,0.04781584237499856
471,472,40074,0.5698630136986301,775,83.8,0.3664140701293945,0.04433980552940926
472,473,40074,0.5698630136986301,780,81.15,0.364354133605957,0.05398381590810179
473,474,40074,0.5698630136986301,800,71.3,0.3574705123901367,0.043373558607314545
474,475,40074,0.5698630136986301,820,62.0,0.3499002456665039,
475,476,40074,0.5698630136986301,825,59.85,0.3482809066772461,
476,477,40074,0.5698630136986301,830,57.7,0.3464670181274414,0.04578800642655746
477,478,40074,0.5698630136986301,835,55.65,0.34488773345947266,
478,479,40074,0.5698630136986301,840,53.55,0.34290218353271484,
479,480,40074,0.5698630136986301,850,49.7,0.33986949920654297,
480,481,40074,0.5698630136986301,875,40.65,0.33138370513916016,
481,482,40074,0.5698630136986301,900,32.8,0.3233842849731445,0.06879105144116429
482,483,40074,0.5698630136986301,925,26.2,0.3164033889770508,
483,484,40074,0.5698630136986301,950,20.45,0.30870723724365234,0.02233895773219236
484,485,40074,0.5698630136986301,975,15.75,0.3017549514770508,0.054094297579122375
485,486,40074,0.5698630136986301,1000,12.0,0.29568958282470703,
486,487,40074,0.5698630136986301,1025,9.1,0.2908143997192383,0.027834551395203105
487,488,40074,0.5698630136986301,1050,6.6,0.2840795516967773,0.03682116877554844
488,489,40074,0.5698630136986301,1075,4.699999999999998,0.2778310775756836,
489,490,40074,0.5698630136986301,1100,3.3,0.2722463607788086,
490,491,40074,0.5698630136986301,1125,2.45,0.2705068588256836,
491,492,40074,0.5698630136986301,1150,1.5499999999999998,0.2624101638793945,
492,493,40074,0.5698630136986301,1175,0.925,0.2539243698120117,0.024459982651782192
493,494,40074,0.5698630136986301,1200,1.0,0.2673883438110352,0.10347114474604074
494,495,40074,0.5698630136986301,1225,0.625,0.2610311508178711,0.03516744215736917
495,496,40074,0.5698630136986301,1250,0.625,0.2706842422485352,0.021430655901569225
496,497,40074,0.5698630136986301,1275,0.625,0.280085563659668,
497,498,40074,0.5698630136986301,1300,0.625,0.28925228118896484,0.023600004876845777
498,499,40074,0.5698630136986301,1325,0.6,0.2967195510864258,
499,500,40074,0.5698630136986301,1350,0.6,0.3054170608520508,0.10646146674874195
500,501,40074,0.5698630136986301,1375,0.6,0.3139142990112305,0.03665128024957258
501,502,40074,0.5698630136986301,1400,0.6,0.3222169876098633,
502,503,40074,0.5698630136986301,1425,0.6,0.3303422927856445,
503,504,40074,0.5698630136986301,1450,0.575,0.3366079330444336,0.025435045095987003
504,505,40074,0.5698630136986301,1475,0.575,0.3443613052368164,0.027801343481560263
505,506,40074,0.5698630136986301,1500,0.575,0.3519487380981445,
506,507,40074,0.5698630136986301,1525,0.575,0.35938167572021484,0.03370880036517914
507,508,40074,0.5698630136986301,1550,0.575,0.3666658401489258,
508,509,40074,0.5698630136986301,1575,0.575,0.3738069534301758,
509,510,40074,0.5698630136986301,1600,0.575,0.3808164596557617,0.09465279192079563
510,511,40074,0.5698630136986301,1625,0.575,0.3876886367797852,
511,512,40074,0.5698630136986301,1650,0.575,0.3944406509399414,
512,513,40074,0.5698630136986301,500,281.15,0.4421796798706055,
513,514,40074,0.5698630136986301,550,239.55,0.4437875747680664,0.051783498764466744
514,515,40074,0.5698630136986301,600,200.35,0.4357137680053711,
515,516,40074,0.5698630136986301,650,163.65,0.4214773178100586,0.007315273516218947
516,517,40074,0.5698630136986301,700,130.2,0.4055471420288086,0.019277475065980203
517,518,40074,0.5698630136986301,750,100.35,0.3885583877563477,
518,519,40074,0.5698630136986301,800,74.3,0.3704080581665039,0.017779868243428826
519,520,40074,0.5698630136986301,850,52.5,0.3522748947143555,
520,521,40074,0.5698630136986301,900,35.1,0.3345651626586914,
521,522,40074,0.5698630136986301,950,22.5,0.3204145431518555,0.03926359050708742
522,523,40074,0.5698630136986301,1000,13.4,0.3058576583862305,
523,524,40074,0.5698630136986301,1025,10.25,0.3004560470581055,0.011160646445946297
524,525,40074,0.5698630136986301,1050,7.550000000000002,0.2935667037963867,0.06877574227933932
525,526,40074,0.5698630136986301,1075,5.449999999999998,0.28696346282958984,0.02813737355697701
526,527,40074,0.5698630136986301,1100,3.9,0.2813215255737305,
527,528,40074,0.5698630136986301,1125,2.8,0.2770471572875977,
528,529,40074,0.5698630136986301,1150,1.925,0.2716970443725586,0.14118060891343198
529,530,40074,0.5698630136986301,1175,1.25,0.2651395797729492,0.01859084907423035
530,531,40074,0.5698630136986301,1200,0.85,0.2614774703979492,
531,532,40074,0.5698630136986301,1225,0.75,0.2672224044799805,0.10202276221507568
532,533,40074,0.5698630136986301,1250,0.75,0.2770414352416992,0.10719380186983929
533,534,40074,0.5698630136986301,1275,0.775,0.28781604766845703,0.12313968450963016
534,535,40074,0.5698630136986301,1300,0.775,0.2971658706665039,
535,536,40074,0.5698630136986301,1350,0.75,0.3138971328735352,
536,537,40074,0.5698630136986301,1400,0.75,0.3310346603393555,0.04745252656375441
537,538,40074,0.5698630136986301,1450,0.75,0.34741687774658203,
538,539,40074,0.5698630136986301,1500,0.75,0.3631067276000977,0.026973688880689985
539,540,40074,0.5698630136986301,1550,0.75,0.3781671524047852,0.020969259721464198
540,541,40074,0.5698630136986301,1600,0.75,0.3926382064819336,
541,542,40074,0.5698630136986301,1650,0.75,0.4065656661987305,
542,543,40165,0.8191780821917808,200,558.2,,
543,544,40165,0.8191780821917808,300,462.55,,
544,545,40165,0.8191780821917808,400,370.65,,
545,546,40165,0.8191780821917808,450,327.05,0.37461376190185547,0.045101182276334965
546,547,40165,0.8191780821917808,500,285.15,0.4015989303588867,
547,548,40165,0.8191780821917808,550,245.15,0.4041852951049805,0.028642010198613618
548,549,40165,0.8191780821917808,600,207.65,0.3992929458618164,
549,550,40165,0.8191780821917808,650,172.75,0.3898859024047852,0.00919946041777484
550,551,40165,0.8191780821917808,675,156.25,0.3836889266967773,0.01233791248470216
551,552,40165,0.8191780821917808,700,140.55,0.377263069152832,
552,553,40165,0.8191780821917808,725,125.65,0.3705511093139648,
553,554,40165,0.8191780821917808,750,111.45,0.3631410598754883,0.021010603650316415
554,555,40165,0.8191780821917808,775,98.15,0.35573673248291016,
555,556,40165,0.8191780821917808,800,85.65,0.3479204177856445,0.025955401841374237
556,557,40165,0.8191780821917808,825,74.25,0.34072208404541016,
557,558,40165,0.8191780821917808,850,63.9,0.3339529037475586,0.024159309590406654
558,559,40165,0.8191780821917808,875,54.45,0.3270750045776367,
559,560,40165,0.8191780821917808,900,46.0,0.3205175399780273,
560,561,40165,0.8191780821917808,925,38.40000000000001,0.3137941360473633,
561,562,40165,0.8191780821917808,950,31.65,0.30698490142822266,0.008589127405924796
562,563,40165,0.8191780821917808,975,25.85,0.3007020950317383,
563,564,40165,0.8191780821917808,1000,21.1,0.2957925796508789,0.016840435411301573
564,565,40165,0.8191780821917808,1025,16.75,0.2893495559692383,0.029170540307733413
565,566,40165,0.8191780821917808,1050,13.2,0.2836732864379883,0.027711271384012588
566,567,40165,0.8191780821917808,1075,10.6,0.2805719375610352,0.03271143067738309
567,568,40165,0.8191780821917808,1100,8.25,0.27597713470458984,
568,569,40165,0.8191780821917808,1125,6.3,0.27110767364501953,0.02156808085569985
569,570,40165,0.8191780821917808,1150,4.8,0.2670106887817383,
570,571,40165,0.8191780821917808,1175,3.6,0.2628622055053711,0.011678662799569509
571,572,40165,0.8191780821917808,1200,2.6500000000000004,0.2585878372192383,
572,573,40165,0.8191780821917808,1225,1.9,0.2539644241333008,0.05130939490028215
573,574,40165,0.8191780821917808,1250,1.4,0.2510919570922852,
574,575,40165,0.8191780821917808,1275,1.0,0.2476072311401367,0.09518656112584148
575,576,40165,0.8191780821917808,1300,0.8999999999999999,0.2520418167114258,
576,577,40165,0.8191780821917808,1325,0.625,0.24807071685791016,
577,578,40165,0.8191780821917808,1350,0.625,0.2553548812866211,0.01574947054137187
578,579,40165,0.8191780821917808,1375,0.625,0.2624731063842773,0.007153546192404658
579,580,40165,0.8191780821917808,1400,0.6,0.2681207656860352,0.11447074886293239
580,581,40165,0.8191780821917808,1425,0.625,0.27622318267822266,0.09779026842027723
581,582,40165,0.8191780821917808,1450,0.625,0.2828779220581055,0.04809750937377906
582,583,40165,0.8191780821917808,1475,0.6,0.2880105972290039,0.02188154182989322
583,584,40165,0.8191780821917808,1500,0.6,0.294367790222168,
584,585,40165,0.8191780821917808,1525,0.6,0.300593376159668,0.00827438056501618
585,586,40165,0.8191780821917808,1550,0.65,0.3095369338989258,0.012177377873375164
586,587,40165,0.8191780821917808,1600,0.6,0.318537712097168,
587,588,40165,0.8191780821917808,1650,0.6749999999999999,0.3343820571899414,
588,589,40165,0.8191780821917808,1700,0.1,0.28655147552490234,
589,590,40165,0.8191780821917808,1800,0.575,0.3601369857788086,0.06863381456116707
590,591,40165,0.8191780821917808,1900,0.075,0.3145837783813477,0.019942281761865945
591,592,40165,0.8191780821917808,1950,0.575,0.388890266418457,
592,593,40165,0.8191780821917808,2000,0.5,0.3921232223510742,0.02446749742351063
593,594,40165,0.8191780821917808,2250,0.5,0.4330930709838867,
594,595,40165,0.8191780821917808,2500,0.5,0.4691019058227539,
595,596,40165,0.8191780821917808,500,286.6,0.41489696502685547,
596,597,40165,0.8191780821917808,550,247.1,0.4171113967895508,0.018787453807955212
597,598,40165,0.8191780821917808,600,209.8,0.41066837310791016,0.02656116356877891
598,599,40165,0.8191780821917808,650,175.1,0.4004487991333008,
599,600,40165,0.8191780821917808,700,143.1,0.38747692108154297,
600,601,40165,0.8191780821917808,750,114.1,0.3730058670043945,0.03328054729093471
601,602,40165,0.8191780821917808,800,88.4,0.35782527923583984,
602,603,40165,0.8191780821917808,850,66.5,0.3434114456176758,
603,604,40165,0.8191780821917808,900,48.3,0.3293581008911133,0.023105516380633538
604,605,40165,0.8191780821917808,950,33.8,0.3161630630493164,0.016371264972578407
605,606,40165,0.8191780821917808,1000,22.7,0.3037691116333008,0.022388691800158154
606,607,40165,0.8191780821917808,1040,16.15,0.2953634262084961,0.020366937125574063
607,608,40165,0.8191780821917808,1050,14.75,0.2932119369506836,
608,609,40165,0.8191780821917808,1100,9.1,0.2827634811401367,0.06166137492971981
609,610,40165,0.8191780821917808,1150,5.4,0.2736082077026367,
610,611,40165,0.8191780821917808,1200,2.95,0.26346302032470703,
611,612,40165,0.8191780821917808,1250,1.5499999999999998,0.2549028396606445,0.031843317516351666
612,613,40165,0.8191780821917808,1300,1.0,0.2556009292602539,0.07604028794480597
613,614,40165,0.8191780821917808,1350,1.0,0.2710046768188477,
614,615,40165,0.8191780821917808,1400,0.775,0.2765779495239258,
615,616,40165,0.8191780821917808,1450,1.0,0.29971790313720703,0.031874967022967694
616,617,40165,0.8191780821917808,1500,1.0,0.3131532669067383,0.01819800995549075
617,618,40165,0.8191780821917808,1600,1.0,0.3384218215942383,0.00988296938625594
618,619,40347,1.3178082191780822,200,553.3,,
619,620,40347,1.3178082191780822,300,461.1,,
620,621,40347,1.3178082191780822,400,373.8,0.2307329177856445,
621,622,40347,1.3178082191780822,500,293.8,0.3659849166870117,0.014475585608800625
622,623,40347,1.3178082191780822,600,222.3,0.3690919876098633,0.01925011476678058
623,624,40347,1.3178082191780822,650,189.9,0.3630380630493164,
624,625,40347,1.3178082191780822,675,174.7,0.3594160079956055,
625,626,40347,1.3178082191780822,700,160.0,0.3549356460571289,0.020866866314052167
626,627,40347,1.3178082191780822,750,132.9,0.34610652923583984,0.015540954374270282
627,628,40347,1.3178082191780822,800,108.6,0.33669376373291016,0.008537276181690676
628,629,40347,1.3178082191780822,850,86.9,0.32628536224365234,
629,630,40347,1.3178082191780822,900,66.5,0.3112306594848633,
630,631,40347,1.3178082191780822,950,52.0,0.30516529083251953,0.031961854758561885
631,632,40347,1.3178082191780822,1000,39.0,0.2957925796508789,
632,633,40347,1.3178082191780822,1025,33.4,0.2910146713256836,0.06118876970384113
633,634,40347,1.3178082191780822,1050,28.6,0.287043571472168,
634,635,40347,1.3178082191780822,1100,20.35,0.2782602310180664,0.029101825101638893
635,636,40347,1.3178082191780822,1150,14.5,0.2721261978149414,
636,637,40347,1.3178082191780822,1200,9.75,0.2639379501342773,0.01822079526391119
637,638,40347,1.3178082191780822,1250,6.5,0.25740909576416016,
638,639,40347,1.3178082191780822,1300,4.35,0.25264835357666016,0.011352035785179428
639,640,40347,1.3178082191780822,1350,2.675,0.2455301284790039,0.07713415835910059
640,641,40347,1.3178082191780822,1400,1.725,0.2416563034057617,
641,642,40347,1.3178082191780822,1450,1.075,0.2374906539916992,
642,643,40347,1.3178082191780822,1500,0.8,0.2391443252563477,0.10987366829475903
643,644,40347,1.3178082191780822,1550,0.775,0.2481679916381836,0.018424478857350608
644,645,40347,1.3178082191780822,1600,0.55,0.2477445602416992,0.019287475377485243
645,646,40347,1.3178082191780822,1650,0.75,0.2658891677856445,0.09145412958999818
646,647,40347,1.3178082191780822,1700,0.75,0.2747297286987305,
647,648,40347,1.3178082191780822,1750,0.75,0.28325557708740234,0.07059411391904942
648,649,40347,1.3178082191780822,1800,0.7,0.2892293930053711,0.010557167767877138
649,650,40347,1.3178082191780822,1900,0.7000000000000001,0.30483341217041016,
650,651,40347,1.3178082191780822,2000,0.65,0.3169240951538086,
651,652,40529,1.8164383561643835,200,548.3,,
652,653,40529,1.8164383561643835,300,459.6,,
653,654,40529,1.8164383561643835,400,377.1,0.2638750076293945,0.04493969852196147
654,655,40529,1.8164383561643835,500,302.1,0.3473939895629883,0.0032188169599458765
655,656,40529,1.8164383561643835,600,234.7,0.35158824920654297,0.011793135544533375
656,657,40529,1.8164383561643835,650,204.2,0.3477144241333008,0.011674409110664533
657,658,40529,1.8164383561643835,700,175.8,0.3416261672973633,
658,659,40529,1.8164383561643835,725,162.4,0.33798694610595703,
659,660,40529,1.8164383561643835,750,149.6,0.33419322967529297,0.00776712251710827
660,661,40529,1.8164383561643835,775,137.3,0.33002185821533203,0.036009163416516304
661,662,40529,1.8164383561643835,800,125.8,0.32623958587646484,0.015817260194832018
662,663,40529,1.8164383561643835,825,114.9,0.32236576080322266,
663,664,40529,1.8164383561643835,850,104.6,0.3184289932250977,0.018601478902119477
664,665,40529,1.8164383561643835,875,94.7,0.3139657974243164,0.04345194736625308
665,666,40529,1.8164383561643835,900,85.5,0.30973148345947266,0.014694293972178706
666,667,40529,1.8164383561643835,950,69.0,0.3015718460083008,0.005952814611924061
667,668,40529,1.8164383561643835,1000,54.85,0.293635368347168,0.025676030429572942
668,669,40529,1.8164383561643835,1025,48.7,0.2899961471557617,
669,670,40529,1.8164383561643835,1050,43.05,0.28635120391845703,0.039597152437521745
670,671,40529,1.8164383561643835,1100,33.349999999999994,0.2796163558959961,
671,672,40529,1.8164383561643835,1125,29.15,0.276240348815918,0.025509550011746488
672,673,40529,1.8164383561643835,1150,25.25,0.2724924087524414,
673,674,40529,1.8164383561643835,1175,22.0,0.2697114944458008,
674,675,40529,1.8164383561643835,1200,19.05,0.2667875289916992,
675,676,40529,1.8164383561643835,1250,14.05,0.2608194351196289,
676,677,40529,1.8164383561643835,1300,10.35,0.2560529708862305,0.019766407104562362
677,678,40529,1.8164383561643835,1325,8.8,0.25351810455322266,
678,679,40529,1.8164383561643835,1350,7.55,0.25171566009521484,
679,680,40529,1.8164383561643835,1375,6.3,0.24872303009033206,0.0073041049504614375
680,681,40529,1.8164383561643835,1400,4.9,0.2428693771362305,0.05577220015820785
681,682,40529,1.8164383561643835,1425,4.6,0.24567317962646484,
682,683,40529,1.8164383561643835,1450,3.9,0.2440195083618164,0.06758244069244232
683,684,40529,1.8164383561643835,1500,2.425,0.2358083724975586,
684,685,40529,1.8164383561643835,1550,1.85,0.2357797622680664,
685,686,40529,1.8164383561643835,1600,1.275,0.2326211929321289,0.031707135885351886
686,687,40529,1.8164383561643835,1700,0.8,0.2349328994750977,0.011998053794621802
687,688,40529,1.8164383561643835,1800,0.75,0.24746990203857425,
688,689,40529,1.8164383561643835,1900,0.75,0.26084232330322266,0.0046028576870497705
689,690,40529,1.8164383561643835,2000,0.75,0.27340221405029297,
690,691,40529,1.8164383561643835,2100,0.25,0.2554464340209961,
691,692,40529,1.8164383561643835,2150,0.75,0.2909116744995117,0.04374872536673696
692,693,40529,1.8164383561643835,2250,0.7000000000000001,0.2995920181274414,0.01628860626605727
693,694,40529,1.8164383561643835,2500,0.5,0.3135251998901367,0.09534375152897537
694,695,40893,2.8136986301369857,250,499.6,,
695,696,40893,2.8136986301369857,280,475.5,,
696,697,40893,2.8136986301369857,300,459.8,,
697,698,40893,2.8136986301369857,350,422.6,,
698,699,40893,2.8136986301369857,400,385.4,0.2750730514526367,
699,700,40893,2.8136986301369857,450,351.7,0.3179769515991211,0.027734572741088412
700,701,40893,2.8136986301369857,500,318.0,0.32900333404541016,0.009985675637601384
701,702,40893,2.8136986301369857,550,287.6,0.3369569778442383,0.01316632101023397
702,703,40893,2.8136986301369857,600,258.2,0.337763786315918,0.010356819370392819
703,704,40893,2.8136986301369857,650,230.6,0.3360071182250977,0.018282046551291176
704,705,40893,2.8136986301369857,700,204.7,0.3324136734008789,0.030255939846335914
705,706,40893,2.8136986301369857,800,157.7,0.3213071823120117,
706,707,40893,2.8136986301369857,850,137.0,0.315241813659668,0.023223203735317794
707,708,40893,2.8136986301369857,900,118.1,0.3089532852172852,0.015780980021171804
708,709,40893,2.8136986301369857,950,101.3,0.3031797409057617,0.014640302736979338
709,710,40893,2.8136986301369857,1000,86.3,0.2975320816040039,0.0038231643183163984
710,711,40893,2.8136986301369857,1100,61.40000000000001,0.2868375778198242,0.014725772769885693
711,712,40893,2.8136986301369857,1200,42.5,0.2769041061401367,0.050686803657328916
712,713,40893,2.8136986301369857,1300,28.6,0.2677145004272461,
713,714,40893,2.8136986301369857,1400,18.8,0.25956058502197266,0.015108908081704044
714,715,40893,2.8136986301369857,1500,11.9,0.2514352798461914,0.06283022487492095
715,716,40893,2.8136986301369857,1600,7.45,0.2448205947875977,
716,717,40893,2.8136986301369857,1700,4.85,0.2412557601928711,0.04966018918539221
717,718,40893,2.8136986301369857,1800,3.2,0.23879528045654294,
718,719,40893,2.8136986301369857,1900,2.0,0.23495006561279294,
719,720,40893,2.8136986301369857,2000,1.3,0.23282146453857425,
